r,inter_mean,inter_var,inter_seom,vdw_inter_mean,vdw_inter_var,vdw_inter_seom,multipole_inter_mean,multipole_inter_var,multipole_inter_seom,polar_inter_mean,polar_inter_var,polar_inter_seom
0.0355,,,,,,,,,,,,
0.1065,,,,,,,,,,,,
0.17749,,,,,,,,,,,,
0.24849,,,,,,,,,,,,
0.31949,,,,,,,,,,,,
0.39048,,,,,,,,,,,,
0.46148,,,,,,,,,,,,
0.53248,,,,,,,,,,,,
0.60347,,,,,,,,,,,,
0.67447,,,,,,,,,,,,
0.74547,,,,,,,,,,,,
0.81646,,,,,,,,,,,,
0.88746,,,,,,,,,,,,
0.95846,,,,,,,,,,,,
1.02945,,,,,,,,,,,,
1.10045,,,,,,,,,,,,
1.17145,,,,,,,,,,,,
1.24245,,,,,,,,,,,,
1.31344,,,,,,,,,,,,
1.38444,,,,,,,,,,,,
1.45544,,,,,,,,,,,,
1.52643,,,,,,,,,,,,
1.59743,,,,,,,,,,,,
1.66843,,,,,,,,,,,,
1.73942,,,,,,,,,,,,
1.81042,,,,,,,,,,,,
1.88142,,,,,,,,,,,,
1.95241,,,,,,,,,,,,
2.02341,,,,,,,,,,,,
2.09441,,,,,,,,,,,,
2.16541,,,,,,,,,,,,
2.2364,,,,,,,,,,,,
2.3074,,,,,,,,,,,,
2.3784,,,,,,,,,,,,
2.44939,,,,,,,,,,,,
2.52039,,,,,,,,,,,,
2.59139,,,,,,,,,,,,
2.66238,,,,,,,,,,,,
2.73338,,,,,,,,,,,,
2.80438,-88.54955,5.26209240500001,1.6220500000000015,3.0665500000000003,0.8218902049999992,0.6410499999999997,-82.54284999999999,6.308707205000036,1.776050000000005,-7.9994499999999995,0.5456990449999988,0.5223499999999994
2.87537,-91.80708666666668,7.9122399283809575,0.7262800161728696,1.5061733333333331,0.6624805249523812,0.21015558124912778,-83.49304000000001,4.4722702182857255,0.5460323688992393,-8.312873333333334,0.5524858492380951,0.19191766450539757
2.94637,-91.6513430107527,10.798884988999527,0.34075950888048306,0.6777333333333334,1.313626888985507,0.11884872869186325,-82.96620860215053,7.335508190142585,0.28084948309026814,-7.8626311827957,1.6496008886909765,0.13318274649675574
3.01737,-90.35688825065276,14.341112750620768,0.19350493176611494,-0.013280678851174947,0.942497180829904,0.04960673490949541,-81.53954960835509,8.708464079312671,0.1507896021731332,-7.361961096605745,1.9884287085610972,0.07205359023459394
3.08836,-90.00268897560976,17.207555501684983,0.12956797067961714,-0.30127658536585367,1.591393365798878,0.039402777737899644,-81.09513453658536,10.526327464059953,0.1013389745843848,-7.2120687804878045,2.844014719317359,0.05267493243138601
3.15936,-89.28534522154649,20.85103548944041,0.095172429116184,-0.5955325369244135,1.7330679404228522,0.027438169495702772,-80.37307901824501,12.62322454489205,0.07405126709591728,-6.963613553431798,3.5844267603116573,0.03946001044240275
3.23036,-88.9680735835859,30.11141062410848,0.083789100377454,-0.7298672184658429,2.22199618398109,0.022761120146930186,-79.9991463977617,17.550119213495034,0.06396788803984878,-6.898883469340172,5.254614189290589,0.03500196240473474
3.30136,-88.58804030241349,39.59558400427324,0.07587387953222702,-0.7528472375690608,2.5104615040573623,0.019104940846952048,-79.60810706600758,22.328927957606055,0.056977429247697435,-6.911100378016865,6.952039188797301,0.03179252489588087
3.37235,-88.39854062937715,54.10866893372716,0.07108188986735166,-0.7059729666635539,3.125472696559931,0.017083757394003352,-79.36413427957793,30.14167678059442,0.05305291422688052,-7.013021057054814,9.466557138119295,0.029731825211325266
3.44335,-88.21925722272069,67.86968994608833,0.068441375057281,-0.6413818344951343,3.635480325583853,0.015840237654962376,-79.14820325764373,37.31811477965241,0.050750536988294105,-7.114073642073298,11.796267904269998,0.028533372585668314
3.51435,-87.91253322370166,78.67796217930578,0.06460399200266397,-0.5812626438915708,4.054654932637328,0.014665934911999185,-78.86219215426236,42.941180046293134,0.047727621373097474,-7.169829706646863,13.54806794965961,0.026808436513467572
3.58534,-87.277115146509,84.93429265176087,0.0607657325140415,-0.5510154725676027,4.102007715492515,0.013354124994016552,-78.33855238674897,46.096444380209356,0.04476627046564069,-7.113689470480827,14.293651905428014,0.024928078360552552
3.65634,-86.76190061285106,91.8363255893591,0.058761236083736554,-0.4999990976425914,4.260682182523583,0.012656780352913238,-77.91622520209046,49.61856894723248,0.04319224626603079,-7.095077076361995,15.250654845214783,0.023945721075284976
3.72734,-86.08242494203378,94.06983238850124,0.05582048795978297,-0.4757962702881749,4.171654027722661,0.011754998693898813,-77.36800817157999,50.64266654464503,0.04095686682596989,-7.014697830407421,15.350355875558426,0.022549019786401798
3.79833,-85.53917107296908,100.10782770037903,0.05476017569558383,-0.41328651749341005,4.4113068619615525,0.011495144868960888,-76.93513305176131,53.90833088735617,0.04018451738612274,-6.986482773184759,16.21194333522814,0.022036790996367177
3.86933,-84.85323833903772,105.40384159161306,0.05460282131742376,-0.3653425451871129,4.56277481367609,0.011360602938083702,-76.40746742850678,56.839592958532066,0.04009704269413969,-6.9053526376828,16.871959664068708,0.021845884219122962
3.94033,-84.55840457063341,114.29894518850101,0.05530512435006344,-0.24552292541946535,5.012950285537682,0.011582197351968726,-76.16717052369611,61.89882248739177,0.040699160918466766,-6.979262040728947,18.357406813601717,0.02216409117615598
4.01132,-84.17798646189716,124.49255610169669,0.0561692538288621,-0.1597027927722446,5.461342584054253,0.011764586647009452,-75.86650143693454,67.56953159349246,0.04138113675661207,-6.996946572391597,19.86760743961888,0.022438806202927476
4.08232,-84.06243712508875,139.44620306916556,0.0584311628754301,-0.0073863868961633675,6.126972398020967,0.012247970868392521,-75.77035300541097,75.81941675980093,0.043085526313027846,-7.132874646818305,22.188206885914607,0.0233078538453385
4.15332,-84.17300723615038,157.9845937297602,0.06075619368542535,0.1732853407789902,6.933903996707383,0.012728349776303688,-75.83432523423444,86.07726952942893,0.044846383888119436,-7.350115888221688,25.096651583776225,0.02421536835708224
4.22432,-84.40831190983039,177.12141636426708,0.0629994403968364,0.3694235149124969,7.694387484007059,0.013130709106329441,-75.98832980706747,96.67151703568753,0.046542576420904626,-7.609116301790396,27.952248650076058,0.025027042380076157
4.29531,-84.72738370700635,197.13274824884877,0.06469473446659933,0.5782409936305734,8.418419279207443,0.013369181595882466,-76.20420819745225,107.72312782962774,0.04782379366533058,-7.904446622080679,30.72896786028792,0.025542507703704403
4.36631,-84.96206618210572,212.17161417033407,0.06558717092426872,0.7359145165541432,8.764693978687143,0.013330413973950303,-76.34758416762972,116.01864123421265,0.048499710404668106,-8.136502238306672,32.53053133263019,0.025681526613682795
4.43731,-85.16708509265936,227.02992869362373,0.06651367232960566,0.8732034257653408,8.846102686455618,0.013129414471979382,-76.4686222343473,124.05474352838104,0.049167265808208134,-8.34846067385077,33.75100558138936,0.025645591994496064
4.5083,-84.85180506222513,233.06776892213225,0.06604321437447691,0.8986983288107047,8.46217276190967,0.012584270268122363,-76.19815397585853,127.44034964060907,0.04883605456352797,-8.351208404603724,33.309765592349926,0.02496737483524373
4.5793,-84.06541073255727,235.96219130767602,0.06613533167576989,0.8370871487358199,7.612799431795931,0.01187912683989489,-75.5772018777341,128.95075622831266,0.04889047675229471,-8.17375349039816,31.97887693678847,0.02434691443428332
4.6503,-82.75642050720569,231.83847604846875,0.06587189685171617,0.688541871607711,6.645256788185187,0.011152270551999912,-74.56812388732921,127.0078193985097,0.04875539089645011,-7.8082000243309,29.44363479872328,0.023474866118863867
4.72129,-80.87339947322873,222.67822819804715,0.06472482762508486,0.45298193927079805,5.294717753089038,0.009980526014196628,-73.12604261015163,122.17186135259203,0.04794216246324739,-7.247429894269481,25.875273188689203,0.02206350451176798
4.79229,-78.48484199717399,208.18497490627172,0.06347970217205992,0.19197005593945374,4.05260100829423,0.008856805620154633,-71.30906907070825,114.79428166639082,0.047137909324943564,-6.55380411319513,21.87998850873231,0.020579448592403706
4.86329,-76.26478887763814,189.57839379410837,0.06135096211331007,-0.05267917882740683,2.8367127567858255,0.007504722514733414,-69.60745963229893,105.13053469773689,0.04568686885157978,-5.924254718367185,17.558978274796722,0.018671386923151175
4.93428,-73.82473542009885,167.25311701850325,0.05868779208872356,-0.2808098517298187,1.8316131694509068,0.00614154360525506,-67.74083109143326,93.67202866085732,0.04392033296636052,-5.27450464785832,13.287921823644941,0.016542044818587804
5.00528,-71.62673653107085,143.08030836433076,0.054816199090463244,-0.4501969191675242,1.1012395580623802,0.004809056579142398,-66.06194532834913,81.11131199829377,0.04127239753913637,-4.699612184723944,9.6312089026413,0.01422195782271529
5.07628,-69.67106152861622,121.4697801046543,0.05090318456423916,-0.5558608801382282,0.6449992888299021,0.0037092870936593497,-64.56124070052688,69.79206345292732,0.038584586455334274,-4.231945007359371,6.906035915341719,0.012137388319237597
5.14727,-68.14838393617697,104.5338229857956,0.047064085452343654,-0.6095519568580086,0.40878771080314574,0.0029431345891019096,-63.38476031191067,60.86791657700061,0.035913309267926,-3.9008633801623116,5.110298451121679,0.010406012406847555
5.21827,-66.91189113870587,91.60655832092392,0.04398393897785131,-0.6299638410204427,0.28364261774552946,0.002447465501840279,-62.42474627893226,54.08583363255776,0.033796568003231435,-3.6415624831052544,3.911168946782959,0.009088330765252953
5.28927,-65.93397418593874,82.98399051208769,0.04180718724712271,-0.6227476389064408,0.22629426468670052,0.0021831851344115264,-61.66027126669195,49.40255740283321,0.03225733672232408,-3.4485901280593128,3.2709013928058672,0.008300180135765174
5.36027,-65.08377330071463,77.30691039546477,0.03961681780037874,-0.6118285569270748,0.19659489921981493,0.001997820901662732,-60.98433807454929,46.35621845056916,0.0306778154208086,-3.300550069027124,2.884875047088436,0.0076530391203428385
5.43126,-64.4772857154194,73.95451256135873,0.038304503553601536,-0.5826017439092135,0.18937678082806023,0.0019383440410258575,-60.501691931195936,44.4317025668365,0.029690258316665663,-3.1921077513689387,2.7469427815209735,0.007382310457322831
5.50226,-63.93611860219189,73.24395117669759,0.037526879727858585,-0.5545510132666795,0.19239504286395614,0.0019233286997121023,-60.05406087675447,43.98395334025992,0.029080622848717833,-3.1202149394347236,2.7570595323865557,0.007280809114183173
5.57326,-63.40018872538938,71.94214761293524,0.03667615665941781,-0.522949153936765,0.18655518393607523,0.00186765124121168,-59.618770229792645,43.12547070017935,0.028396122703774316,-3.0327782192472372,2.7744869144485707,0.007202503208861242
5.64425,-62.95416322518809,71.31428666641125,0.03591215054687264,-0.4967580692997685,0.17685769335924426,0.0017884018893928786,-59.24982177553531,42.61812130032616,0.02776197075215508,-2.9651096281828706,2.807570494702473,0.00712555139027316
5.71525,-62.35902280811233,70.03274623502192,0.03484177797874398,-0.4713979684520714,0.1737317748441088,0.001735359104857973,-58.76378510660427,41.86090352693054,0.026937297919196787,-2.877954458311666,2.805043302195193,0.006972997596385826
5.78625,-61.86753746454433,69.74117385124818,0.034112063756153437,-0.4462705709613908,0.1672215403836455,0.001670357679455453,-58.35215065238429,41.69315662780803,0.026375199716265292,-2.8098638535722635,2.8180524227406174,0.00685705925063607
5.85724,-61.2015117515116,68.17370433989453,0.033287882105213946,-0.42525631135816916,0.15940077096889713,0.0016096183967076133,-57.80835683310577,40.864647880610136,0.025772206281473444,-2.7120069907678306,2.7491575335546514,0.006684632430678998
5.92824,-60.53069862645987,65.92726841889377,0.03216986138390194,-0.4039533420193394,0.1376534041267839,0.0014699756019168537,-57.26180141435389,39.70968999431517,0.024966915818872035,-2.603318507472058,2.6144713986483854,0.006406319528769246
5.99924,-59.82436203846392,63.42690405776411,0.03126375775757205,-0.3826276782962461,0.13344380091749414,0.0014340147619556936,-56.68935589749121,38.430197050420425,0.024335525336780153,-2.4919232755963754,2.499138854772209,0.006205826271125704
6.07023,-59.02793991286914,60.94061630341808,0.030309272155321976,-0.36174714563516586,0.11700160475702484,0.0013280609151346285,-56.0409660445905,37.23698109412905,0.02369241430739463,-2.371378261000648,2.3305900651079323,0.005927274381416332
6.14123,-58.25592861736806,57.78271038903361,0.029128560408437594,-0.3420794191066341,0.10253620307622142,0.0012270398929976505,-55.41566837244134,35.59532361674592,0.022862122090545525,-2.2468615356377195,2.151575931751564,0.005620803534833121
6.21223,-57.50283021446988,55.246145728846855,0.028208941658382607,-0.32126159275209926,0.09022801940767138,0.0011400043602933147,-54.80000538983393,34.37077079043362,0.022250021557814862,-2.1347211747590995,1.995374707543033,0.005361027460404955
6.28323,-56.657075386957615,51.63721835052357,0.026980000265248896,-0.30083441878823763,0.07947446544938193,0.0010584597256125408,-54.10962604104993,32.525100986193095,0.021412622317601385,-2.007210365389495,1.8010630034662594,0.005038775193932799
6.35422,-55.8282711703166,48.254824543833,0.02575613761343653,-0.2808205482465185,0.06892458697713337,0.0009734136961491922,-53.43065549552522,30.78501394041896,0.0205721671203335,-1.8851012867571246,1.6100024438177027,0.0047046100722122905
6.42522,-54.99853839423011,45.73292852502104,0.024946817904280095,-0.2644485269102538,0.05938886203817338,0.0008989864639822235,-52.74059402871335,29.55711388512945,0.02005541546640799,-1.7750848050622574,1.443210294388647,0.004431650062351469
6.49622,-54.182635500059746,42.49678818108371,0.023753084594965133,-0.2467336440036642,0.05099743886979211,0.0008228414188377086,-52.063091893363065,27.856565060219477,0.019231171597084977,-1.6636383677858764,1.2638249999332456,0.004096240360005483
6.56721,-53.39163453843316,39.95887179470362,0.022949109742038468,-0.22948673423660898,0.04353302280104506,0.0007574755968699612,-51.39843649963096,26.554445356880176,0.018708021106831663,-1.5663559455398566,1.1178518950397134,0.003838410048405588
6.63821,-52.68569352198714,37.1996597813343,0.02203526357133126,-0.2158720660984428,0.03904150771117685,0.0007138583702270549,-50.80240170858732,25.05740768337062,0.018084930126493905,-1.481495136595617,0.9942138363275825,0.0036023729018747445
6.70921,-51.94288263977861,35.16404954818535,0.02122547527979267,-0.20218180187567258,0.03419019557124567,0.00066184878291749,-50.168385555783324,23.97521344549703,0.017526258913931992,-1.3995456388048992,0.8902932799785535,0.0033773380250168386
6.7802,-51.20432979881537,33.205881901679106,0.020478446994264255,-0.18750899458203354,0.030728961330563125,0.0006229647158550618,-49.535757199328124,22.947039140727767,0.017023656087360235,-1.3216846314141018,0.7964494342074787,0.00317152845976313
6.8512,-50.52390154122269,31.234263896142206,0.019799268756422725,-0.1760047353690525,0.027858701415774886,0.0005913082624545092,-48.94782100104171,21.84728887402949,0.01655893070526459,-1.2534118365400304,0.7227795980220834,0.003011871616488935
6.9222,-49.816016055431824,29.42997284764325,0.019082510396031246,-0.16384441598614202,0.024942340210221056,0.0005555321226089866,-48.331971477357094,20.804635891798153,0.016044294929959735,-1.1915472568671122,0.6672685302664235,0.0028733656690512694
6.99319,-49.201770774911374,27.73278058761515,0.018444516961281437,-0.15374133760227673,0.022728684727797682,0.0005280289457000625,-47.7949579582674,19.798363562534767,0.015584225573791194,-1.1355530416221982,0.6164120994855454,0.002749831962618261
7.06419,-48.5294893201617,26.286169980271175,0.01797157484215392,-0.1432830771499133,0.020297246287349673,0.0004993913787212755,-47.20433711895021,18.954070720857725,0.015260674464175032,-1.080920495902294,0.5704468029590056,0.0026474639499341744
7.13519,-47.90761587595885,24.700480246272587,0.017300970178198833,-0.133754226196968,0.018762128036700347,0.0004768247684949096,-46.6550128779341,17.977384063878137,0.014759818167147717,-1.0333686637340798,0.5409413307025868,0.0025603117035287834
7.20618,-47.32486767861848,23.591899869432815,0.016808657167623406,-0.12631934444683957,0.0167317397047093,0.0004476330157788604,-46.13525254724437,17.30163070318482,0.01439445015424507,-0.988733408780628,0.49699861445574695,0.0024396591265342603
7.27718,-46.738814011286145,22.30905854727658,0.01619488738664826,-0.11835687397131432,0.014856498741940994,0.00041792230067289965,-45.614026972725135,16.505100302814967,0.013929848553701982,-0.9435622866212088,0.4533344985780385,0.00230858939227122
7.34818,-46.206540056937015,21.08684173863075,0.01565327079478408,-0.11057559958168715,0.01323702290999835,0.0003921881699584239,-45.13746203114106,15.724000448783594,0.01351701677913039,-0.8998135591447827,0.4077673852890213,0.002176735059771739
7.41918,-45.62606616408492,20.05833746389205,0.015170984725939822,-0.10331976936316693,0.011654142760896104,0.00036568443143679326,-44.61603141594951,15.074934297100494,0.013152067171321396,-0.861946247848537,0.3745943563702343,0.002073227301646913
7.49017,-45.13157841176603,19.131015078141793,0.014644413191572732,-0.09697524718068287,0.010271215966966785,0.0003393234683802546,-44.1703112279443,14.492741200324144,0.012746126826562176,-0.8255310068829451,0.33314131788436646,0.0019324898284405745
7.56117,-44.63576403737121,18.160598274647324,0.014153440023076834,-0.09001644532197926,0.008768953375599551,0.0003110074651170794,-43.72245530344813,13.84924045522591,0.012359756389587478,-0.7882638862538333,0.29576714751805094,0.0018062252097233943
7.63217,-44.18119537103471,17.408754290248794,0.013756976037357921,-0.08432042484725932,0.007715476175961656,0.00028961463242324734,-43.30831118648491,13.37962475461286,0.01206038299483091,-0.7584906355314941,0.2637897827358104,0.0016934333877630966
7.70316,-43.71766985530974,16.6269771128205,0.013295272301664888,-0.07852366286425051,0.006556445018511308,0.0002640126880503127,-42.88643243570798,12.86819222452629,0.011696323105707524,-0.7291834451378332,0.2341733998124723,0.0015778269426423225
7.77416,-43.28477496206531,15.870771877443362,0.012843129508437977,-0.07285900559146932,0.005432015846281254,0.000237603236145081,-42.49089660562472,12.369678809627434,0.011338381063095617,-0.7004870388077076,0.20483134007655385,0.001459049548290349
7.84516,-42.86922928575059,15.046067507231047,0.01236839315255866,-0.06750258858217677,0.004542997308914041,0.0002149181128256014,-42.11013908494738,11.802303134411247,0.010954313382999488,-0.6703382776676325,0.18290632147235944,0.0013636915090192616
7.91615,-42.483579760857396,14.513079055459395,0.012045578754148287,-0.0633331900343917,0.00381748410861224,0.0001953603883150445,-41.75433074162201,11.452738639343274,0.010700462906617308,-0.6485813244821245,0.16455358850598834,0.0012826305201450625
7.98715,-42.10730141130023,13.840983098140597,0.011659093634796657,-0.05907156087643998,0.0032101795735496375,0.00017756034676138735,-41.40518845031968,10.984229377733023,0.010386425676869695,-0.6244792400388918,0.14881088834745126,0.0012089230986543176
8.05815,-41.73527591461658,13.289979048872997,0.011296637458492331,-0.05515741295538779,0.002651317107884323,0.00015955774142742258,-41.06032014941138,10.605936477190454,0.010091635454918388,-0.6026246403948455,0.13435606596633973,0.0011358361389642473
8.12914,-41.371939288814254,12.696213708681903,0.010944617004518407,-0.05116683995018487,0.002146503769210351,0.0001423079898618174,-40.72221094705261,10.18518425967995,0.009802749427011743,-0.5794987923616877,0.12008174806111309,0.001064392871141857
8.20014,-41.06475017362237,12.255078340727337,0.01065271340101378,-0.048284352689526126,0.0018151272286760236,0.0001296449883134204,-40.434583556341614,9.872972406247799,0.009561502846874211,-0.56162131619642,0.1114834811662894,0.0010160321672868038
8.27114,-40.73308880250942,11.765334788255055,0.010312867284457421,-0.04511635193404622,0.001473994520176759,0.00011543173369932585,-40.12459330970956,9.520666391339036,0.00927707265317927,-0.5417839002739033,0.10121663029529769,0.0009565401884159368
8.34213,-40.399848884935295,11.24918445523179,0.0100034173119455,-0.04249139616599205,0.0012843070791748365,0.00010688636450789294,-39.8116997740515,9.147713868957275,0.00902078129212641,-0.5233109736245163,0.09483113437225577,0.0009184665420110885
8.41313,-40.08066215191973,10.834417725325057,0.009726581321467274,-0.03990148357069878,0.0010769881072121956,9.697569214312173e-05,-39.51140536844771,8.84508508729995,0.00878837220178801,-0.5064087381353638,0.08783131919425173,0.0008757540149699087
8.48413,-39.76044408599363,10.414370020438493,0.009488154124109341,-0.03753853202285552,0.0009163372498185027,8.900059280450585e-05,-39.21023064322329,8.537063935120845,0.008590520838161414,-0.48915431048641556,0.0818369981132617,0.00084108536051633
8.55513,-39.43966566207091,10.000375358569865,0.009228352343714422,-0.03537932843383544,0.000785083279017021,8.17662124519907e-05,-38.907822867824265,8.230494305327099,0.008371995312453301,-0.47378157408432475,0.07681547648052542,0.000808798582644324
8.62612,-39.14629087719888,9.63441167314151,0.009002890102328248,-0.03345891795031418,0.0006866754408663564,7.600551507871063e-05,-38.629804109635145,7.95918805532772,0.008182833831250222,-0.4586993320265506,0.07266532640845046,0.0007818671439678089
8.69712,-38.8235917964987,9.309311973997126,0.008792733440894875,-0.03156549679433939,0.0005884618303392689,6.990757932469892e-05,-38.32496670348471,7.715225225043496,0.008004596033575168,-0.44553031010198313,0.06905374584520539,0.0007572839214526084
8.76812,-38.51578041243847,8.973091812416707,0.008558919972117647,-0.029623679290723355,0.0005028687968668547,6.407302880906822e-05,-38.033323845017186,7.460136165897002,0.007804072352829693,-0.4292460670579879,0.06460950153916806,0.0007262666554117339
8.83911,-38.19390475288725,8.604176363620985,0.008362376670634872,-0.027937347713363793,0.00044313422111552083,6.001263816282266e-05,-37.72892574588958,7.177984048483669,0.007637941335257221,-0.4146276094960217,0.06134397979516935,0.0007060916049625746
8.91011,-37.89134785595755,8.287758025074377,0.008151056822007372,-0.02640254687712937,0.000387557182145681,5.573952765756412e-05,-37.44151361621279,6.938674232153708,0.007458193355508504,-0.4019060268877113,0.05862404352003298,0.0006855407485749261
8.98111,-37.58842427194544,8.07517352801296,0.008030082507183242,-0.024948939160431477,0.00033836029718573745,5.19797007117703e-05,-37.15354719119069,6.776329791185633,0.00735599360136492,-0.38988095918742166,0.05600667288051584,0.0006687502581073615
9.0521,-37.29568834438244,7.745353020175648,0.007846515476549533,-0.023618774741260028,0.000299807401101225,4.881770987872224e-05,-36.87506562375797,6.522540312274148,0.007200532470671579,-0.37763339454062733,0.053421999167701045,0.000651652844517858
9.1231,-36.98676241097439,7.462258036379713,0.007654801819400535,-0.02225180014291206,0.00026582723961386375,4.56876227359254e-05,-36.58112387731545,6.300384861688492,0.007033676013674041,-0.3648974377900448,0.05123072052574762,0.0006342552229482545
9.1941,-36.69145547856149,7.227881542808947,0.007501712858438863,-0.020911943598807155,0.00022995371623622828,4.231312878567808e-05,-36.29863559644027,6.119220439331787,0.006902445286913903,-0.35199889284240515,0.048330656945891726,0.0006134317815530146
9.26509,-36.38192916560701,6.942593438612367,0.007314625939748932,-0.019789491287694836,0.00020637402896403882,3.988033303967561e-05,-36.00402445764841,5.89452731298793,0.006739935605371102,-0.34148579674627577,0.04698879075774618,0.0006017670296412015
9.33609,-36.08336306159991,6.648181859567714,0.007153442834835333,-0.018648257760604643,0.00018258738345066372,3.7488584966718264e-05,-35.71871776106651,5.665710663535313,0.006603753616777723,-0.32923911360155167,0.04449432064194618,0.0005852156822055952
9.40709,-35.78915656945703,6.416633391726386,0.006990789286258463,-0.017568188153575436,0.00016103478101600708,3.502131442097836e-05,-35.437204109004774,5.4813979672928115,0.006461275597145534,-0.3184018157307479,0.042411037147870825,0.0005683450018225552
9.47809,-35.513611015036176,6.1912413287619925,0.006813974414324912,-0.016620194233004565,0.00014388176056643115,3.2848421424843225e-05,-35.172436959016096,5.301290974713516,0.0063052520681200885,-0.3087611683977652,0.0409741584033039,0.000554327792092309
9.54908,-35.20236107897945,5.9464644186366,0.0066487873040639725,-0.015654528085878215,0.0001270005128940429,3.072668903023742e-05,-34.875696050283985,5.106074087445299,0.006161076250351803,-0.2988671369948555,0.0391954863352484,0.0005397977332171265
9.62008,-34.93771699969056,5.7613181645274185,0.006515224793395773,-0.014821325317183104,0.0001129382200479039,2.8846222187452798e-05,-34.62113090712172,4.956646257333955,0.006043136968754851,-0.28964723929092434,0.03763770899790453,0.0005265990423643673
9.69108,-34.64881349414489,5.543725571644809,0.006363800937779445,-0.013962662449137579,9.919507607710279e-05,2.691911525809379e-05,-34.344585480937106,4.779062482702827,0.0059086338594227525,-0.2805541307190498,0.03586344949525734,0.0005118488764230025
9.76207,-34.38455697273649,5.369973373713994,0.006216051441362259,-0.013170768544435362,8.730013352816951e-05,2.5063169295627376e-05,-34.089411245026156,4.637974836740643,0.005776871772052518,-0.27172239291393535,0.034318521178341804,0.0004969272540767083
9.83307,-34.122375706628375,5.188203847067104,0.006073105971345027,-0.012462354622231024,7.779859795759886e-05,2.3517341670958994e-05,-33.83686451218472,4.4882786299828705,0.005648618558286557,-0.26363652429834783,0.03322803486436445,0.0004860205945381466
9.90407,-33.86526378854378,5.014290137224241,0.005938702694108105,-0.0117772429945982,6.822265587978023e-05,2.1905398861170422e-05,-33.588865972456674,4.345118030468548,0.005528249601222736,-0.2558911897929327,0.031730984484363324,0.00047242038322524546
9.97506,-33.59912293978521,4.866551488375862,0.005784419351035481,-0.011142593127346183,6.04639526664798e-05,2.0389068095067353e-05,-33.33274320366322,4.224220180213251,0.005389176191974313,-0.24867157432999187,0.030329328951953123,0.0004566468958286496
10.04606,-33.35649258309062,4.748820507235536,0.0056847456440705345,-0.010515135966464282,5.277522817466819e-05,1.8951047494809638e-05,-33.09741316792335,4.127302749751355,0.005299700456589612,-0.24075488948471566,0.028796396297555957,0.0004426772782403733
10.11706,-33.10958658507837,4.586599695634095,0.005558114986726453,-0.009934997204803652,4.651262733062431e-05,1.769976679347694e-05,-32.858577212077954,3.9919799669985103,0.0051853286189321125,-0.2331116684290996,0.027566475913096498,0.00043089626844329125
10.18805,-32.877010846694056,4.471285425749185,0.005442695330584722,-0.009420078839273838,4.0732108978218026e-05,1.6427303301129607e-05,-32.633121646349544,3.894811982849248,0.0050797352263529045,-0.2267678143633231,0.026438886939951004,0.00041852307835104556
10.25905,-32.62938914005042,4.3293771358454975,0.005310626867569729,-0.008870964568852592,3.5215101253849164e-05,1.5145985943506445e-05,-32.39309671875916,3.776566738170144,0.004959999818605084,-0.21903927261593778,0.024912199855299175,0.0004028460580913541
10.33005,-32.39168970497335,4.215008575631945,0.005209575275777823,-0.008389406212171895,3.062977792398931e-05,1.4043488743680697e-05,-32.16303326744276,3.6826328856775974,0.004869476788471031,-0.21235020153501422,0.02355219311263413,0.00038942045805350904
10.40104,-32.17046710709274,4.069519184771685,0.005083146771379197,-0.007981519882665874,2.71238269169793e-05,1.3123104339680397e-05,-31.948389691363122,3.5590848415697165,0.00475368357694293,-0.2067888132623064,0.02274248264028689,0.00037999688418036603
10.47204,-31.948772176034534,4.000974543453798,0.0050028764948096575,-0.007549758843952284,2.345689984738002e-05,1.2113571145939128e-05,-31.732429155171875,3.500323264838355,0.004679408556499126,-0.2005428600919583,0.021418778504686806,0.0003660447964361014
10.54304,-31.7172291262076,3.8790825268585163,0.004894990073675117,-0.007137261260593433,2.0246293981116647e-05,1.1183045068535498e-05,-31.507677095841675,3.396239205733584,0.00458022108181882,-0.19498040483779308,0.0204898563155952,0.00035575970990005306
10.61404,-31.499026940759308,3.781015447878602,0.00480786648803502,-0.006791371278351726,1.7835767421839107e-05,1.0442249684774722e-05,-31.296001875649576,3.3152303360710738,0.004501995193992222,-0.18957033319068287,0.019516911060525242,0.00034542495896716375
10.68503,-31.291809310433965,3.6779403121535688,0.004702075849950224,-0.006430192785134998,1.539376503587719e-05,9.619659916871415e-06,-31.093628956844267,3.226067916373553,0.004403764083350303,-0.18349733455164072,0.018440298266294942,0.00033294405355649507
10.75603,-31.067312695312502,3.5661832521992576,0.004601176559078845,-0.006114397915083538,1.3778009170460479e-05,9.043994827222068e-06,-30.875577601396273,3.132922614311936,0.004312627067359474,-0.1788800959346504,0.017899223083732246,0.0003259749001349296
10.82703,-30.86269556900369,3.458338863156287,0.004518654316325052,-0.0058114219926198776,1.1995720258204237e-05,8.415666381151536e-06,-30.676334039852396,3.039478174404846,0.0042361844381792624,-0.1737230423616236,0.017007207020735465,0.00031687782245838197
10.89802,-30.666511820048797,3.3559668621096783,0.004431199297074293,-0.005531598532586706,1.0585501246048556e-05,7.869880994138587e-06,-30.484377623703292,2.9531100696228267,0.004156734333028955,-0.1686310192905162,0.016249003990521444,0.0003083371288132147
10.96902,-30.45809795541838,3.2765893484410475,0.0043600882991841495,-0.005262715974889426,9.274415459757691e-06,7.335463330028987e-06,-30.281714278420495,2.886815878303688,0.004092548357081001,-0.16409459613130806,0.015495926169327183,0.0002998424005884314
11.04002,-30.253198303766045,3.18646369026635,0.004269578620819504,-0.005002346695347179,8.161391877401633e-06,6.833019243957464e-06,-30.081882370036446,2.809410760175054,0.00400901931691003,-0.1597556010045824,0.014865415597625805,0.00029162117523060855
11.11101,-30.061929932679433,3.100430146211142,0.004195102080916412,-0.004775666961832707,7.256482560308258e-06,6.41792496974051e-06,-29.894968995640625,2.7353782107976126,0.003940399444866667,-0.1560741792112254,0.014415936873003361,0.0002860572726122826
11.18201,-29.86175388933037,3.0092267877008365,0.0041036704252367115,-0.00455087300077222,6.439469250678749e-06,6.0030236125334415e-06,-29.69982639092527,2.657302339228976,0.0038562528263726874,-0.15189934636865252,0.013900387827187164,0.0002789063957948849
11.25301,-29.668479675206104,2.9238616867267995,0.004022196538708477,-0.004333654069606547,5.70267735589027e-06,5.6172567677973155e-06,-29.5107359397997,2.585011761793552,0.0037819530876612947,-0.14755921761744034,0.0132829596545621,0.0002711017384179644
11.324,-29.481935606749687,2.8549056663031007,0.003967126443316315,-0.004140040573094918,5.052812509931061e-06,5.277724953149188e-06,-29.32844107364348,2.525145266971373,0.0037309836446476866,-0.14424970590018793,0.012842691267402933,0.00026607751925377293
11.395,-29.291958629570143,2.749569706094105,0.003869182060922591,-0.003952334413197893,4.552549011346805e-06,4.9786788548982285e-06,-29.14278346935998,2.435736397761473,0.0036416813448241847,-0.1403729747093893,0.01244647434465743,0.0002603214607412934
11.466,-29.09917534918332,2.680656255341975,0.0037882642457363405,-0.0037750285074922016,4.105340648813164e-06,4.688072303374045e-06,-28.954456089896293,2.3770508047096146,0.003567294246790825,-0.13728811786308906,0.012131230581810695,0.00025484266039916355
11.537,-28.921632922964022,2.610831061280759,0.0037261639055466986,-0.003616768594250172,3.711904240395454e-06,4.442945143115893e-06,-28.780719064889762,2.317110549675595,0.003510313840714535,-0.13445018559683472,0.011866185649824926,0.0002512049185294726
11.60799,-28.738753702681528,2.5364201331635328,0.0036515270019536034,-0.003446326756979771,3.2772931188246626e-06,4.150702089251641e-06,-28.601484868078668,2.2534949551250363,0.0034418521899133637,-0.13039094240039525,0.011300848551585379,0.00024373587001433049
11.67899,-28.56777122770972,2.463711802433182,0.003575262206328934,-0.003304301108741734,2.9613874358253713e-06,3.919769784116963e-06,-28.434124805308674,2.190384866647832,0.0033711118420542466,-0.12762744408299218,0.010979132410977473,0.00023866951877409015
11.74999,-28.39451974773818,2.4017431325472787,0.0035027851732029563,-0.003162602107801268,2.6799409699737603e-06,3.700094687045273e-06,-28.264071872142384,2.1370412005247643,0.0033041265408719316,-0.12471594848504969,0.01069860122116377,0.00023378342878666744
11.82098,-28.21331383639488,2.333631462593007,0.0034440353046686447,-0.003014111882566968,2.384960937320619e-06,3.4817059858581296e-06,-28.08617881184495,2.078083191111607,0.0032499967283271423,-0.12113411625377393,0.010272993389168272,0.00022850723925523195
11.89198,-28.049867400447194,2.268703551243098,0.003376338414180265,-0.002900525086048742,2.1884937498294045e-06,3.316116273263151e-06,-27.926453250759987,2.0228617268038893,0.003188160621289983,-0.1189396105821169,0.010052663320347995,0.00022474894580016059
11.96298,-27.880682609061896,2.2073033645870486,0.0033071776129559014,-0.0027724981666104593,1.957522530111108e-06,3.114439446987346e-06,-27.760272347531362,1.9695692765845125,0.003124007999911643,-0.11584178393752598,0.009697067860655663,0.00021920311641644916
12.03397,-27.712827256486854,2.1544759129579845,0.0032428381854560364,-0.0026537549542161596,1.7713445823713687e-06,2.9403970847766113e-06,-27.595282149202454,1.9239405450015263,0.0030644340572929508,-0.1130972764013354,0.009407857735303234,0.0002142889750090697
12.10497,-27.556986883142862,2.10431781562322,0.003203812444700183,-0.0025464926272248316,1.6058704722864993e-06,2.7987665473539493e-06,-27.441978412377875,1.8796779801053478,0.0030279809941951416,-0.11052548155952605,0.00914590650975191,0.00021121501909971067
12.17597,-27.391047968304406,2.0483966157680724,0.003130735298784235,-0.002438753421249018,1.4541671780599855e-06,2.6378281225919597e-06,-27.27902217495741,1.8311655492133923,0.002960077826099459,-0.1079762895477252,0.008923377630905342,0.00020663503650821574
12.24696,-27.23202258833567,2.0037577243203435,0.0030817458135192254,-0.0023335910135791156,1.314878634248633e-06,2.4964164986976717e-06,-27.12228815508211,1.7927532030020854,0.0029149725100710094,-0.10506712846884844,0.008603131081611667,0.0002019307600595914
12.31796,-27.074857517840382,1.9539285311197632,0.003028757729753041,-0.0022387826291079328,1.1901143119722733e-06,2.3637663031738277e-06,-26.967891815492962,1.7492265764723551,0.00286571654999943,-0.10273066713615017,0.008357075430820567,0.00019807850948385438
12.38896,-26.926123688625434,1.9137899220334917,0.0029864033448418325,-0.0021515793348991057,1.0926840652043355e-06,2.2565690982963765e-06,-26.821296998844275,1.7149744953162296,0.002827028355559585,-0.10044294262386753,0.008125168969734042,0.00019458866221756815
12.45995,-26.769257944437843,1.8536631540360269,0.0029107815576943203,-0.0020650684242761726,1.002778938415822e-06,2.1409020983964515e-06,-26.667096733277877,1.66264064751697,0.0027567247336684484,-0.09819062719967817,0.007991235074617969,0.00019111780949615414
12.53095,-26.623732135104387,1.8169228939556457,0.0028695079069074184,-0.0019812552399856307,9.045921195860441e-07,2.0247228176695668e-06,-26.523538053285844,1.6302275335350636,0.002718086597218068,-0.09562434299076854,0.0076948791591131,0.00018674117158600659
12.60195,-26.467949130116367,1.7808366512962854,0.002819993745171872,-0.0019012588305691277,8.247859671944335e-07,1.9191403388116494e-06,-26.370425510185857,1.5988193967939297,0.0026719960182974983,-0.09365118827532615,0.0074654737046968974,0.0001825848703497164
12.67295,-26.324671259335002,1.7379407198456935,0.0027794881559357115,-0.0018260050675675196,7.542424075247713e-07,1.8310610389800532e-06,-26.228850670785917,1.5615999513745171,0.0026347064930413414,-0.09128739064722616,0.007251118507782731,0.00017953529921846504
12.74394,-26.166965783213964,1.6969715748861276,0.00272902207899565,-0.0017498749210026903,6.82851008032891e-07,1.731142198378675e-06,-26.073913993925988,1.5251970908548016,0.0025872163646571363,-0.0894213239941015,0.007091766457663957,0.00017641965890145754
12.81494,-26.02369425308312,1.6574287209972711,0.0026822996740480296,-0.0016793920136130118,6.188780707453605e-07,1.6390507987792696e-06,-25.932369874157327,1.4904848285260117,0.002543628290160065,-0.08722112542160981,0.006871209751312894,0.00017270561982613814
12.88594,-25.882219337453137,1.625571762251817,0.0026421444608437997,-0.001612543212845493,5.659552335930787e-07,1.5589942957528871e-06,-25.792566661370184,1.4624450356588308,0.002506070373004933,-0.08507639902258445,0.00667792842584783,0.00016934577500937135
12.95693,-25.73901217592849,1.5849884044469225,0.0025986522903319845,-0.001553121524952126,5.236005824879167e-07,1.4936030402738805e-06,-25.65172057526554,1.427959011020116,0.002466567467577375,-0.08356325023752811,0.0065844158258121415,0.00016749187853108604
13.02793,-25.593383530689483,1.5563033748005481,0.0025595476176051204,-0.0014877065293802685,4.71156266937172e-07,1.4083109952073368e-06,-25.507941511300444,1.4018876241476548,0.0024292526482089846,-0.08140186523655372,0.006348915363969999,0.00016348046063696228
13.09893,-25.45547584050497,1.5128369995399311,0.002516427126527339,-0.0014306114589960337,4.3263513760019254e-07,1.345702886069979e-06,-25.371741995111012,1.3638459454337617,0.002389301456478165,-0.07953692110638579,0.006177113395117273,0.00016079816054349424
13.16992,-25.316962706956907,1.4815568541928814,0.0024772910610067482,-0.0013741117991839297,3.9376790046387205e-07,1.2771385953739254e-06,-25.23503183522151,1.3365622311846992,0.002352948744620814,-0.07760403164674934,0.006014536261633472,0.00015784068184981166
13.24092,-25.173380706802664,1.4463168539539646,0.0024262241031656785,-0.0013172309094904645,3.5610549262523756e-07,1.2038947637392982e-06,-25.09335858330145,1.3046073338141728,0.002304300410146029,-0.07571739533899337,0.005844293368793373,0.00015422869843035247
13.31192,-25.039888372008672,1.4229750602236773,0.0023947242162906317,-0.0012665128519267334,3.234463583666354e-07,1.1417157564142715e-06,-24.961416564033946,1.283611024043903,0.002274435267171063,-0.0739855038003659,0.005650407494357056,0.00015090260825701644
13.38291,-24.901860924628256,1.3915159591321602,0.002357808156560155,-0.001216027582239291,2.9278400569519443e-07,1.0815286888066403e-06,-24.825203835305587,1.255954892874594,0.0022400173958493086,-0.07228146388820084,0.00548632390023428,0.0001480488682727544
13.45391,-24.76969638887239,1.354234083106844,0.002315766035651148,-0.001170428670428622,2.678654943547096e-07,1.0299264140670771e-06,-24.69473608276408,1.222663871709134,0.0022003985488365384,-0.07067546341946337,0.005349988253785318,0.0001455540266394734
13.52491,-24.63983241168097,1.3322227171898537,0.002285636997421637,-0.0011278072098284706,2.461199218614141e-07,9.824087548527975e-07,-24.56661938293342,1.2033414826678352,0.0021722673967624613,-0.06929347209750089,0.005219564179658681,0.00014306584385389458
13.59591,-24.509597692089443,1.3008644866585524,0.002248564860042174,-0.0010838387960619678,2.2282450055133475e-07,9.306167421081795e-07,-24.43777441398583,1.1749722386175045,0.002136993460997896,-0.06772512932927559,0.005066808801639355,0.00014033197862919417
13.6669,-24.3781426950899,1.2679971785769202,0.002205892972637318,-0.0010442124450754557,2.0473096582698303e-07,8.863741076769066e-07,-24.308298649576912,1.1461605096665075,0.0020972394290619664,-0.06638871922789107,0.0049688870495467165,0.0001380876554417555
13.7379,-24.250125933164863,1.250977372618451,0.00218528907299497,-0.001003566602279708,1.861047336912128e-07,8.428744259557597e-07,-24.181509612227924,1.1309659271624632,0.002077824809592584,-0.06476575672436034,0.004778077792529222,0.00013505503354848325
13.8089,-24.12489052032625,1.2204886265819999,0.002145264901129042,-0.0009680553094091138,1.7257658113798877e-07,8.066868723123965e-07,-24.057805443459436,1.1042027237681247,0.002040508771402263,-0.06356683056874268,0.004708646866473534,0.00013324843575835378
13.87989,-24.0004028686259,1.1963290107285856,0.0021138864973790157,-0.0009313333881160735,1.5617113063547585e-07,7.637596749163686e-07,-23.93459388810865,1.081771471850875,0.002010129834959814,-0.06214141205121687,0.004571564927647502,0.0001306738821379684
13.95089,-23.87676249074436,1.175838461208216,0.002091681496098126,-0.0008975505571988898,1.4258041752605752e-07,7.283693540836881e-07,-23.81248644453126,1.0634049978896363,0.001989166205109209,-0.06098377444140571,0.0044424606957110995,0.00012856818727373704
14.02189,-23.752961131921815,1.1464126854006242,0.002059965598488292,-0.0008635963873259832,1.3025765475170274e-07,6.943702469126522e-07,-23.689978586393245,1.0371334195279236,0.0019593264015758233,-0.05954427450399758,0.004339540836706341,0.000126739318053032
14.09288,-23.632829746955522,1.1227017637997312,0.0020238396506589234,-0.0008331019109674043,1.2007495934433756e-07,6.618660761084114e-07,-23.571169354473884,1.0160078747732402,0.00192527350754787,-0.058393066814543454,0.004248987682512287,0.00012450495448142963
14.16388,-23.51488093487585,1.1018013639422328,0.001999580241564898,-0.0008038350159308023,1.1020052312587206e-07,6.323812896886921e-07,-23.45450826045303,0.9972972819575939,0.00190238976869588,-0.057330712424609694,0.004151120673603879,0.00012273540588679727
14.23488,-23.395254651802173,1.0768703693866013,0.001967281320771068,-0.0007748511214855409,1.0119936389999862e-07,6.030782224173665e-07,-23.33622101586001,0.9752330403356025,0.0018721427394791281,-0.05599691389305183,0.0040262644921394836,0.00012029176722924497
14.30587,-23.28039138271543,1.0553502033232154,0.0019413947676014767,-0.0007485705714499541,9.362722717086894e-08,5.7825132495897e-07,-23.222673476377377,0.9558971390427266,0.0018476560848542203,-0.05507695414757486,0.00394210786492068,0.00011865329618393926
14.37687,-23.164805481982174,1.0316946838097358,0.001908783081836293,-0.0007218813125961885,8.573430634359044e-08,5.50247781107901e-07,-23.108218672218225,0.9347834492002945,0.001816922854913355,-0.0539233564294896,0.003845464639016395,0.00011653473469565961
14.44787,-23.052295079807227,1.0169099029339732,0.0018852190413422587,-0.0006961614947208302,7.910792507375217e-08,5.25812100241366e-07,-22.99656715689187,0.9214802713495988,0.001794583209476147,-0.05261221765160223,0.0037306254145010364,0.00011418561663750998
14.51886,-22.937905697512257,0.9935762481877867,0.0018589160344878986,-0.0006718094522639,7.267757817058554e-08,5.027584706804449e-07,-22.883273280608215,0.9003736772419445,0.0017695814942234156,-0.051608305597000616,0.003656887226827913,0.00011277555077936937
14.58986,-22.828399603002445,0.9700868492756765,0.0018276143997272526,-0.0006505416107151005,6.779698241106715e-08,4.831527376366404e-07,-22.775156360224486,0.8797884211703854,0.0017404773807283842,-0.05092877423131218,0.0036020825602355445,0.00011136689053233017
14.66086,-22.717128483145878,0.9516629304894894,0.001799081858139466,-0.0006276849090036712,6.248377618236557e-08,4.6099156800976054e-07,-22.664786403784735,0.8630730877046244,0.0017132988961934752,-0.04990041935494839,0.003511924311848408,0.00010929037635499505
14.73186,-22.605785836695087,0.9296451306073648,0.0017730118656033918,-0.0006060646740765573,5.7689542441070724e-08,4.416737512640062e-07,-22.55466398087438,0.8433726386752705,0.0016887400229682404,-0.04893306980377304,0.003448336827548232,0.00010798362007927566
14.80285,-22.500561185028026,0.9145692488093754,0.0017549428424186659,-0.0005855766025154859,5.324357693865614e-08,4.234364996767451e-07,-22.450154764863367,0.829714580048152,0.0016715487218117474,-0.04777880015490558,0.003353299029002984,0.00010626514044007255
14.87385,-22.390806005539908,0.8978681074699332,0.0017237722376625883,-0.0005659133404594942,4.944669360531057e-08,4.04522085314684e-07,-22.34148742632483,0.8150018545173964,0.001642301568152164,-0.047029116295077916,0.0032893356816427657,0.00010433444427223511
14.94485,-22.28075635033469,0.8798270311221965,0.0017016228660728103,-0.0005467613161410448,4.5852680080466996e-08,3.884606433606491e-07,-22.232560502932287,0.7988196937119456,0.0016213958015526893,-0.04623067946211713,0.0032220674153299344,0.0001029750411015733
15.01584,-22.175350794603393,0.862589699122109,0.0016819017895821945,-0.0005284568362782047,4.2644101940644835e-08,3.7396244046657095e-07,-22.128111869531566,0.7836128379750603,0.001603058126697757,-0.045275405992155605,0.0031449137393943427,0.00010155536416000364
15.08684,-22.069849755204544,0.8445505891914366,0.0016542352964959803,-0.0005105603888213374,3.970631441749457e-08,3.586858441130547e-07,-22.023520156176588,0.7674922961537894,0.0015769628448977669,-0.04450741968408261,0.0030892074444624227,0.00010004790176262488
15.15784,-21.968599124283614,0.8256908090567223,0.001628649144957147,-0.0004928615944077029,3.662725314238613e-08,3.4302121857510396e-07,-21.92275042629334,0.7506853356283818,0.0015529153273993396,-0.04325641399604223,0.002995229610339516,9.809206350741926e-05
15.22883,-21.859556503515627,0.8118532161380981,0.001606796535020534,-0.00047650268879605184,3.4236204784773883e-08,3.299627667479283e-07,-21.81494178494084,0.7381517224913621,0.0015321276404146734,-0.04273667320712474,0.0029508458573156465,9.687135862202069e-05
15.29983,-21.761056833484474,0.7984786630005155,0.001588362419663176,-0.00046111793941725333,3.193708293003005e-08,3.176622213486496e-07,-21.717055226497898,0.7262745887877942,0.0015148456009083338,-0.04192125449851971,0.002902409141631396,9.576289398957686e-05
15.37083,-21.658071422374647,0.7826541629254821,0.0015628221407392841,-0.0004452913622703086,2.9611420700009076e-08,3.039864514925837e-07,-21.614834171443906,0.7119277116995314,0.0014905362911682768,-0.04095885851773948,0.0028240865954565534,9.38779527737847e-05
15.44182,-21.558298541749284,0.7668118432305149,0.0015413043579121561,-0.000431153650738526,2.768005751094678e-08,2.9283804207682516e-07,-21.51588942078914,0.6977587823866307,0.0014702685116467886,-0.0403001992044215,0.002776539390232012,9.27461562750287e-05
15.51282,-21.458825097095847,0.7531670855913397,0.001518256602696469,-0.0004166539653974095,2.5697554148353628e-08,2.80443518461295e-07,-21.417062205613657,0.68550856246613,0.0014484581579635421,-0.03928486284159526,0.002694357071547186,9.080862242145054e-05
15.58382,-21.35885194311073,0.739297649139708,0.001496501075601008,-0.0004029738121563213,2.395660471413684e-08,2.6938909062459276e-07,-21.3178562579707,0.6730466660049019,0.0014278742423478278,-0.03855334868152006,0.002643283450704241,8.948273284193897e-05
15.65481,-21.261315751200712,0.7249613723507472,0.0014756485138840718,-0.00038996837144474294,2.2494897866047683e-08,2.5993664197579384e-07,-21.221127432440145,0.6604747216064644,0.0014084894280003831,-0.03780247291448274,0.002575419716855997,8.795276547900373e-05
15.72581,-21.16132681059927,0.7085185998737601,0.0014526527028612033,-0.0003772816216392822,2.094620673725088e-08,2.497691877204922e-07,-21.12217754550139,0.6453511252691384,0.0013863861287181796,-0.037330336044603396,0.0025395280872802764,8.696864003541005e-05
15.79681,-21.065829125743697,0.695694033798709,0.0014328696245178626,-0.00036537385494376146,1.9619094871920488e-08,2.406229352990421e-07,-21.027368963665126,0.6339450292506194,0.0013678023234936674,-0.03658160768250069,0.002491221154312124,8.574398786242834e-05
15.86781,-20.97069216999368,0.6848144926578167,0.0014129889913097233,-0.00035368439159064706,1.83654995630128e-08,2.3139484523362885e-07,-20.93294733688823,0.6239809120782681,0.0013487701912686702,-0.03604413164976194,0.002445381798281512,8.443560986079011e-05
15.9388,-20.879482196110605,0.6711197231295771,0.001392470573613669,-0.00034262555580269184,1.7228070033192312e-08,2.2310244992416988e-07,-20.842341723270184,0.611920565191588,0.0013296384017331706,-0.035166337205774834,0.0023800187718170714,8.292323116072757e-05
16.0098,-20.78500318681256,0.6571047050264589,0.0013722813297043317,-0.00033202717961352277,1.6165927529136285e-08,2.1524158429209983e-07,-20.74868507213316,0.599192785119452,0.001310415899868193,-0.03468982082776881,0.002340329638859175,8.189631912861134e-05
16.0808,-20.69250361688653,0.6492155978384181,0.001354801644029923,-0.0003213954119569108,1.5190989226702128e-08,2.0724032758472812e-07,-20.656707487376377,0.5920947600451145,0.001293828910127385,-0.033936273190425824,0.0022868144622964805,8.040752738137133e-05
16.15179,-20.599396107152987,0.633668367612296,0.0013339874227827654,-0.00031135109481051997,1.428270223871927e-08,2.0027461803260286e-07,-20.564327024423665,0.5779651959229941,0.001274006267003673,-0.03345410108147119,0.002255452902747764,7.958616947722768e-05
16.22279,-20.510579599416626,0.6237260820159849,0.0013163178855928456,-0.0003020429196471511,1.3491801177058252e-08,1.9359707708971153e-07,-20.476120014445456,0.5691468465757452,0.0012574073562153726,-0.03288772831446625,0.00221172942112488,7.838443411433212e-05
16.29379,-20.418499401838627,0.6123874722117165,0.0012998483626518013,-0.0002924545584972663,1.2695857628895003e-08,1.87158934657609e-07,-20.384698021487463,0.558733877615708,0.0012416009750514502,-0.03233371941596492,0.0021697745567760564,7.737253903522698e-05
16.36478,-20.328891832790223,0.6020231811419738,0.001282890253241558,-0.0002835015527949854,1.196599115645598e-08,1.8086612632098534e-07,-20.29569167012947,0.5492487214430579,0.0012253705141528658,-0.03182228752952495,0.002136930167387053,7.643249974296189e-05
16.43578,-20.241128730983185,0.5919817641445058,0.0012668035012883153,-0.0002743301417247248,1.1298994472563138e-08,1.7501488575443556e-07,-20.208398239826074,0.5401863085131667,0.0012101156483284208,-0.031115194749568958,0.002081144946885304,7.511146888789168e-05
16.50678,-20.152428406382842,0.5816377078589301,0.0012493694015236192,-0.00026611705096822374,1.0681110502295582e-08,1.6930617271407867e-07,-20.120325802417447,0.5309210749516888,0.001193657059135575,-0.030580421550946774,0.002042113998028525,7.402945964077354e-05
16.57777,-20.06292744960019,0.5705128402596122,0.001233353435220802,-0.0002577878741824008,1.0143554959839936e-08,1.6445607822114756e-07,-20.03141590183735,0.520820385984285,0.001178416524033926,-0.03005263497497672,0.0020106961808391832,7.321971980904905e-05
16.64877,-19.981557602315316,0.5596320983972077,0.0012139816937640454,-0.00025038066220208307,9.644742806145231e-09,1.5936984684658606e-07,-19.950422245893833,0.5109213583155873,0.0011599462331130502,-0.029529549709927747,0.0019739598615407324,7.209912407831184e-05
16.71977,-19.89311048462146,0.5516246979026581,0.0012025134674667284,-0.00024296450862835344,9.191972927206247e-09,1.552288592357711e-07,-19.862805250699264,0.5038049348074469,0.0011492097612540897,-0.029192932658405685,0.0019425912819981443,7.136065296980286e-05
16.79077,-19.810273854708996,0.5440108549560997,0.0011864679281399142,-0.0002357464833924625,8.715198963018836e-09,1.50172660013944e-07,-19.780354375705123,0.4967776482630608,0.0011337916232437473,-0.02870943506567436,0.0019137426820935728,7.037104363985861e-05
16.86176,-19.724247547462046,0.531426028091328,0.0011692997917857571,-0.00022835630430248174,8.276622273759699e-09,1.459254460090104e-07,-19.694859982916494,0.4852821160185702,0.0011173818301594566,-0.028170877253466207,0.0018791440859224164,6.953196492167839e-05
16.93276,-19.64243949887208,0.5267036004302824,0.0011586858058515942,-0.0002215688923441226,7.848071561950128e-09,1.414373206124611e-07,-19.613334292086716,0.4810102920128457,0.0011072857928899674,-0.02753447280883982,0.0018311139942565001,6.831880072645277e-05
17.00376,-19.56252406319377,0.5171933224493069,0.0011442119203040053,-0.00021515825019804323,7.518772578791807e-09,1.3796009597583765e-07,-19.533905739939602,0.4723242668124981,0.0010934530566097138,-0.027088475821374587,0.0018030831738870756,6.755972820221276e-05
17.07475,-19.479329489732795,0.5077816705315428,0.0011299908092749064,-0.00020877779286547534,7.165307572919945e-09,1.3423130729204064e-07,-19.45118020640022,0.4638754070367746,0.0010800331243314577,-0.026589157450575076,0.0017623225716832866,6.657008370058968e-05
17.14575,-19.39920223446876,0.4981671122985228,0.0011130524496176747,-0.0002027661653929292,6.857643205869687e-09,1.3059169115590473e-07,-19.37145146813427,0.4551412546451151,0.0010639009688494063,-0.026111175576771457,0.0017372963109388475,6.573021486314396e-05
17.21675,-19.31630129961137,0.49073129140544003,0.001100390845156383,-0.00019663709826657385,6.579713234118859e-09,1.2741735214476634e-07,-19.289113605329717,0.44840177130946435,0.0010518619676258242,-0.025718181728455976,0.0017016916108754268,6.479858490508019e-05
17.28774,-19.23523620922682,0.48234244218900224,0.0010867391223586013,-0.00019080011165028502,6.295507629471585e-09,1.2415463576384522e-07,-19.2086093485106,0.44075479371847043,0.0010388338322544722,-0.025380503797579924,0.0016802906024469856,6.414159600846745e-05
17.35874,-19.15862007696218,0.4750983239473256,0.0010723013383985803,-0.0001855260291875081,6.052214404420107e-09,1.2102699529811788e-07,-19.132357641278833,0.4342409445932561,0.0010251572425218024,-0.02488659212468838,0.0016393885920979955,6.298919429150263e-05
17.42974,-19.08010043007293,0.4658762300281795,0.0010576903350120784,-0.00018018494816789615,5.817813263107354e-09,1.181961004253982e-07,-19.054234769871368,0.42591202280882695,0.0010113074568234048,-0.02444344504983898,0.0016091331741170944,6.216118054685724e-05
17.50073,-19.000632620501094,0.4581102590401391,0.001042742102928979,-0.0001748352811612611,5.58711740996148e-09,1.1515579545197125e-07,-18.97521582368913,0.41874122937534336,0.000996930223553693,-0.024023128281322675,0.0015823714225348567,6.128386061934958e-05
17.57173,-18.924962578004173,0.4524985638212284,0.001032066446004428,-0.00016991481037714496,5.387368218181552e-09,1.1261270385798241e-07,-18.899933670027334,0.41364573683464934,0.000986764081165173,-0.02368271279162557,0.001556691484158826,6.053413360765515e-05
17.64273,-18.845375352997138,0.4435956200156883,0.0010195174134783346,-0.00016498334012847088,5.169174318790638e-09,1.1005546480303225e-07,-18.820894625492656,0.40548278821892375,0.000974736514408437,-0.023278166664323495,0.0015216565931515929,5.9711688116341324e-05
17.71372,-18.768948680689675,0.437197680711147,0.0010086044420015315,-0.00016044907741347337,4.995989306007812e-09,1.0781835509995718e-07,-18.745014587104738,0.39962093722103154,0.0009642864603182931,-0.022960626148870317,0.001497550661815121,5.902999052442362e-05
17.78472,-18.694819068158424,0.4293723946353115,0.0009954414004750617,-0.00015572263993314064,4.860769397092905e-09,1.0591345819762873e-07,-18.67114073304809,0.39256048021925494,0.0009518136476111568,-0.022540231564177463,0.001471280890343265,5.827019032789925e-05
17.85572,-18.6192758679639,0.4229896903284347,0.0009832241471304556,-0.00015138670817075483,4.6915435515477145e-09,1.0354890742186914e-07,-18.59598245948435,0.3868328726994217,0.0009402629665734947,-0.022137758915042265,0.0014427934287220038,5.742350833954297e-05
17.92672,-18.542548293507238,0.4133268230245333,0.0009676106139678772,-0.00014715071093480435,4.553818062224905e-09,1.015644372031148e-07,-18.519881898287736,0.37803140519857437,0.0009253750139827375,-0.02186078883525384,0.0014203054704999133,5.6721108352063224e-05
17.99771,-18.47070931073732,0.4079773658100935,0.0009579699054489382,-0.00014299197862163216,4.425965186743063e-09,9.97786969455383e-08,-18.448190423383014,0.3732569884360202,0.000916300250002617,-0.02140799191113949,0.001393865223165746,5.599435192439575e-05
18.06871,-18.398418877335814,0.4003811405435756,0.0009452800237758793,-0.00013920286022266358,4.314349524698383e-09,9.812537674293224e-08,-18.37630263548452,0.3663433639945865,0.0009042069452766864,-0.021088099813201738,0.001367772922909867,5.5249795517906986e-05
18.13971,-18.326429483844883,0.39417334047130176,0.0009333084858798438,-0.0001353441512952844,4.206372295931427e-09,9.641296630193622e-08,-18.3046111449464,0.36078345259159766,0.0008929042617060537,-0.020752814577951417,0.0013503398974468064,5.462647043112658e-05
18.2107,-18.254678707113975,0.38866601970428066,0.0009244578833203386,-0.00013158927044003857,4.076041653129338e-09,9.467125853768436e-08,-18.233201805044622,0.3557613586417237,0.0008844600708320962,-0.020365090670014782,0.001316973397172224,5.3813017468368326e-05
18.2817,-18.18180892372474,0.38126713812360347,0.0009120545348532697,-0.00012790155779550454,3.992206027185035e-09,9.332813617937734e-08,-18.16076514443426,0.3489880698747578,0.0008725923681350894,-0.02010789719422262,0.0012980379112737957,5.3216928905896396e-05
18.3527,-18.11372482455592,0.3760153044949255,0.0009003816194094362,-0.00012459839205902225,3.902789357712299e-09,9.173000469669351e-08,-18.09300265446086,0.3442733547400322,0.0008615402372047028,-0.019850781655933396,0.0012812198874442798,5.2557620579219094e-05
18.42369,-18.04267649624678,0.368829696565764,0.0008891423388333987,-0.00012121667445457825,3.803462973129609e-09,9.029172423865201e-08,-18.022322209956833,0.3376657054038557,0.0008507497444323417,-0.019490323749180107,0.001252882789702893,5.182192863891312e-05
18.49469,-17.974022133565903,0.3632431854725083,0.0008790251533742589,-0.00011793939651778337,3.726260345351568e-09,8.903057171398687e-08,-17.953913666308587,0.3326198462129999,0.0008411561877395895,-0.019192804798927886,0.0012350758592398893,5.125655120900625e-05
18.56569,-17.90683193022358,0.3572743267613583,0.0008682104717878113,-0.0001147701019682489,3.674241880620143e-09,8.804566672972062e-08,-17.88692331513953,0.32727823200206463,0.0008309648915630734,-0.01880077219914297,0.001213885636131851,5.06072806243853e-05
18.63668,-17.835971209409145,0.3515482447532294,0.0008578901194651131,-0.00011160629983899356,3.5955672302446466e-09,8.676067173958838e-08,-17.8164679598378,0.32211692173287393,0.0008211943811040343,-0.018572535448632188,0.0011954448628485137,5.002694401857928e-05
18.70768,-17.76970048583783,0.3462667849938825,0.0008466317282394036,-0.00010869767721073482,3.529887202704749e-09,8.548098866951851e-08,-17.7505659207631,0.31722131386103614,0.0008103456449805324,-0.01834335569664011,0.0011767936721737786,4.9355923781962734e-05
18.77868,-17.700069880099772,0.3410860388710174,0.000837113498705961,-0.00010574004906128914,3.4399128829964535e-09,8.406710566216109e-08,-17.681248934539738,0.3124538374452555,0.0008012080512331139,-0.018059654269853592,0.0011537565236227774,4.8686601265363054e-05
18.84968,-17.63405130171581,0.33540190051638485,0.0008276597858287081,-0.00010298944289789087,3.3995089118457686e-09,8.332535770896529e-08,-17.61551207480041,0.30734021012327034,0.0007922801710047977,-0.017788446621175878,0.0011384201716523575,4.821924276333142e-05
18.92067,-17.567166938709352,0.33118380333708525,0.0008191604323166091,-0.0001003987437949433,3.3376250933635484e-09,8.223433747209443e-08,-17.548981047715532,0.30355471795418365,0.0007842470892645534,-0.017584573802046394,0.0011209212834613757,4.765648199866903e-05
18.99167,-17.500943380302612,0.3256623393980289,0.0008085627465651296,-9.770179090873307e-05,3.3004280247045854e-09,8.139825447190111e-08,-17.48306997091104,0.2985373935945174,0.0007741575029069209,-0.0173244716708791,0.0011009074927438981,4.70116368317762e-05
19.06267,-17.435310761732783,0.32215588635958614,0.0008008592606859399,-9.504906537868583e-05,3.2436530750676963e-09,8.036008091392162e-08,-17.417711535988243,0.29528419720084687,0.0007667314347733638,-0.01706049385911297,0.0010844428524070906,4.646505993322842e-05
19.13366,-17.370265489769697,0.31655144766118903,0.0007910633695495288,-9.267272906987237e-05,3.2107041237453583e-09,7.966898161704789e-08,-17.353009364040727,0.2902873712532607,0.0007575358564405659,-0.016894217851141632,0.0010692400203178773,4.597552800441688e-05
19.20466,-17.30807313518411,0.311625367033847,0.0007808967734118519,-9.03021159268753e-05,3.1627782749928693e-09,7.867044383756831e-08,-17.29101159816762,0.28578356931127247,0.000747817897497319,-0.01660757295574223,0.001051511175576497,4.5361162215004024e-05
19.27566,-17.24437359506011,0.30804882321864524,0.00077377475277747,-8.801452266833688e-05,3.136471667900733e-09,7.807742153742258e-08,-17.227567553342425,0.2824266129032409,0.0007408965746828255,-0.016395243204160876,0.001034332620709824,4.483682885631153e-05
19.34665,-17.179561322254422,0.3027241333583604,0.0007642145855498263,-8.572429014047773e-05,3.0921228105865072e-09,7.723606995637728e-08,-17.163045953058024,0.27759782992537224,0.0007318125168368434,-0.016172364770749802,0.0010188032601879302,4.4334004698914915e-05
19.41765,-17.11771099769503,0.2989816960332404,0.000757186111377661,-8.350336157335383e-05,3.0544820781471127e-09,7.653306906855856e-08,-17.101331970422756,0.2741195032287551,0.0007250205339965116,-0.015878820745490727,0.001007452649212174,4.395341872020469e-05
19.48865,-17.0542325285597,0.294398188510718,0.0007472534373776156,-8.132860673444722e-05,3.0198451856773906e-09,7.56820163791815e-08,-17.038089371411672,0.2699775127909266,0.0007155898152964905,-0.01561485521471694,0.0009876914669600277,4.328236724737915e-05
19.55964,-16.992150267967777,0.29000150735130376,0.0007389906840303903,-7.931582535204152e-05,3.0014048574784195e-09,7.517979315194763e-08,-16.976321237623207,0.26592482062021267,0.0007076496128688014,-0.015479483611218859,0.0009754738883380876,4.285945657737897e-05
19.63064,-16.93107147648496,0.28526408690204297,0.0007304853489522441,-7.73467341571289e-05,2.968112479328808e-09,7.451232886398223e-08,-16.915550771613592,0.26158928647628027,0.0006995164574572272,-0.015318223736143685,0.0009629461516869936,4.244132763259472e-05
19.70164,-16.87106750197993,0.2824138212068482,0.0007237432794445183,-7.536978887488905e-05,2.9343543976977922e-09,7.377306935364938e-08,-16.855625044745615,0.25897531831952136,0.0006930598786696665,-0.015008152882544852,0.0009474497034125467,4.191984348994344e-05
19.77263,-16.810348466717357,0.2776957603900032,0.0007150103683537055,-7.346593492776158e-05,2.910655449242766e-09,7.320202819572008e-08,-16.795184817767932,0.25467901156711964,0.0006847377834901817,-0.014839711808770917,0.0009346858411181165,4.1482082110983106e-05
19.84363,-16.751046095507824,0.27403720690304195,0.0007071567247940357,-7.16237497650472e-05,2.892569418784866e-09,7.265287499279191e-08,-16.73600456097388,0.2513976122595702,0.0006773162321559852,-0.014544988567455654,0.0009174330305508617,4.091646405863979e-05
19.91463,-16.690971472360875,0.27040277160647624,0.0007009414519405633,-6.99231958659801e-05,2.8704587060829527e-09,7.221905914632251e-08,-16.676209362582018,0.24804885611064126,0.000671343500552953,-0.014433028139711925,0.0009079985232468081,4.061801966784203e-05
19.98563,-16.6326946923713,0.26534535098191175,0.0006921450472769095,-6.8117938477865e-05,2.850265424854153e-09,7.173548294549715e-08,-16.618125237505467,0.24339286459098564,0.0006628958424221787,-0.014192798827187013,0.0008941796287964734,4.017942893764967e-05
20.05662,-16.573099364581584,0.2630825114822572,0.0006854454789711421,-6.63235383411916e-05,2.830211828817958e-09,7.10945643946526e-08,-16.558673286352608,0.24129036075499433,0.0006564428359994886,-0.014000446650212694,0.0008812473172154742,3.9671245047587006e-05
20.12762,-16.515579767546264,0.25883113377457045,0.0006790543669770454,-6.482712055241077e-05,2.808812028521373e-09,7.073879007042926e-08,-16.501410471463494,0.23745515937561595,0.0006504098268767086,-0.013806390696149754,0.0008662912646464557,3.928513561704496e-05
20.19862,-16.457056422041042,0.2543002201092678,0.000670337545093223,-6.326074433759373e-05,2.7902962725759615e-09,7.021749564696663e-08,-16.443116740881326,0.23334483774942005,0.000642124551342095,-0.013659969501312886,0.0008566883673754105,3.8907346386661066e-05
20.26961,-16.39906224807489,0.2514093733320101,0.0006629421551020132,-6.178237726052527e-05,2.781357182552585e-09,6.97289756606188e-08,-16.385288011957094,0.23069146282187916,0.0006350393901191556,-0.013440349972467201,0.0008421048451901545,3.836789616475592e-05
20.34061,-16.34296084573095,0.24772728931668567,0.0006574286245452814,-6.019286029579344e-05,2.7618017328738262e-09,6.941573604387283e-08,-16.329350088892998,0.22723970337929414,0.0006296566450051495,-0.013236819323017438,0.0008292549046116899,3.803695200339788e-05
20.41161,-16.286032351500186,0.24424208262595795,0.000649115653855221,-5.873212757735051e-05,2.7434571291413735e-09,6.879564144519117e-08,-16.272570493596284,0.2241210494839753,0.0006218034953833666,-0.01301572893952358,0.0008179746219120346,3.756485788386091e-05
20.4826,-16.23016030244739,0.24036822617986323,0.0006428078300530918,-5.735790868818107e-05,2.7365206823448177e-09,6.85870298814386e-08,-16.216924649445353,0.22053786516575621,0.0006157213488544014,-0.012880301725397572,0.000805620009539322,3.7214119785672104e-05
20.5536,-16.172863954029044,0.23658482371068892,0.0006359510292015152,-5.5874921791926305e-05,2.719140506848381e-09,6.817828274131641e-08,-16.159893225386252,0.2171245667838889,0.0006092348184673849,-0.012733374246552853,0.0007953884514906716,3.6873967948123175e-05
20.6246,-16.117281604141684,0.23351178460652905,0.0006280331156253843,-5.453439859466168e-05,2.703486496371325e-09,6.757565207898363e-08,-16.104354385588568,0.21429708427202396,0.0006016394060847514,-0.012490575139773315,0.0007837244411864506,3.6383949336391827e-05
20.69559,-16.062378194321763,0.23094788607402417,0.0006221639112731876,-5.317894369867642e-05,2.699040535175847e-09,6.725932801445653e-08,-16.049707319959296,0.21195777203185429,0.0005960360026025179,-0.012399281127803034,0.0007733391946433688,3.600251428515928e-05
20.76659,-16.007209701249536,0.22780024459845902,0.0006167569860085903,-5.197433127219452e-05,2.6876033621091817e-09,6.699147996590236e-08,-15.99461153456311,0.20909396141525136,0.0005908914824097704,-0.012156909533263972,0.0007615622903882009,3.566068654947492e-05
20.83759,-15.95274699534967,0.2243976881730802,0.0006098278526485375,-5.0661255091991836e-05,2.6763990527203804e-09,6.659988826831989e-08,-15.940355941517872,0.20598082946127927,0.0005842671487338886,-0.012012253438029292,0.0007500145981361984,3.525599087322238e-05
20.90859,-15.896815645621226,0.22166530695594402,0.00060411162031671,-4.951875584473377e-05,2.6614168199299337e-09,6.619493727259402e-08,-15.884652305460792,0.2034785416256545,0.0005787988165680245,-0.011900052026395155,0.0007409866022569402,3.49279827699282e-05
20.97958,-15.841760763048665,0.21862274938941736,0.0005974706982564996,-4.836636524839711e-05,2.65431472692838e-09,6.583322696561195e-08,-15.829799718175556,0.2006819896388731,0.0005724309859514282,-0.01174490413723511,0.000732094922696055,3.4574239227734625e-05
21.05058,-15.788628838637868,0.21566162219232293,0.0005920025357099493,-4.717602034597564e-05,2.648719483993724e-09,6.560774580489487e-08,-15.776736786407843,0.19803468398360624,0.0005672934418357492,-0.011533180359304786,0.0007211475313453095,3.423333371351456e-05
21.12158,-15.736625605952103,0.21334701477454174,0.0005865997002781917,-4.603494103377638e-05,2.640536598373072e-09,6.525963601140663e-08,-15.724905697594906,0.1959387728133179,0.0005621584503692209,-0.011384920711723567,0.0007087377186966787,3.380970058265448e-05
21.19257,-15.68263314837662,0.21009051297111522,0.0005794407549468202,-4.485003164293649e-05,2.6334227119431466e-09,6.487331723077459e-08,-15.671135716089317,0.19290091787021554,0.0005552300519383644,-0.01125778831832158,0.0006997415833234198,3.344064603922155e-05
21.26357,-15.630824960721759,0.2076618215174997,0.000575235735778619,-4.395242632740999e-05,2.6301683527299617e-09,6.473800361796206e-08,-15.619464521634105,0.19068471340920717,0.0005512206359929854,-0.011103043465790486,0.0006884643553612187,3.3121367436997905e-05
