r,pmf,pmf_seom,direct,direct_seom,w_solv,w_solv_seom,elect,elect_seom,vdw,vdw_seom,polar,polar_seom
0.03562,inf,,,,,,,,,,,
0.10686,inf,,,,,,,,,,,
0.17811,inf,,,,,,,,,,,
0.24935,inf,,,,,,,,,,,
0.32059,inf,,,,,,,,,,,
0.39184,inf,,,,,,,,,,,
0.46308,inf,,,,,,,,,,,
0.53432,inf,,,,,,,,,,,
0.60557,inf,,,,,,,,,,,
0.67681,inf,,,,,,,,,,,
0.74805,inf,,,,,,,,,,,
0.8193,inf,,,,,,,,,,,
0.89054,inf,,,,,,,,,,,
0.96178,inf,,,,,,,,,,,
1.03302,inf,,,,,,,,,,,
1.10427,inf,,,,,,,,,,,
1.17551,inf,,,,,,,,,,,
1.24675,inf,,,,,,,,,,,
1.318,inf,,,,,,,,,,,
1.38924,inf,,,,,,,,,,,
1.46048,inf,,,,,,,,,,,
1.53173,inf,,,,,,,,,,,
1.60297,inf,,,,,,,,,,,
1.67421,inf,,,,,,,,,,,
1.74546,inf,,,,,,,,,,,
1.8167,inf,,,,,,,,,,,
1.88794,inf,,,,,,,,,,,
1.95919,inf,,,,,,,,,,,
2.03043,inf,,,,,,,,,,,
2.10167,inf,,,,,,,,,,,
2.17291,inf,,,,,,,,,,,
2.24416,inf,,,,,,,,,,,
2.3154,inf,,,,,,,,,,,
2.38664,inf,,,,,,,,,,,
2.45789,inf,,,,,,,,,,,
2.52913,inf,,,,,,,,,,,
2.60037,inf,,,,,,,,,,,
2.67162,inf,,,,,,,,,,,
2.74286,inf,,,,,,,,,,,
2.8141,inf,,,,,,,,,,,
2.88535,inf,,,,,,,,,,,
2.95659,inf,,,,,,,,,,,
3.02783,inf,,,,,,,,,,,
3.09907,4.32152,0.20797,-96.22851111111112,1.1093587923316135,100.55003111111111,1.128684389465654,-88.85538888888888,0.9624784262292796,2.169922222222222,0.42245345758694,-9.543044444444458,1.5282370807264842
3.17032,3.32155,0.08207,-94.09677843137256,0.5033247437676147,97.41832843137256,0.5099718448980639,-86.72185490196078,0.4792488975209121,1.843978431372549,0.2488053637482752,-9.218901960784322,0.7381865702474247
3.24156,2.5044,0.04687,-93.10373490566036,0.3267161336653975,95.60813490566036,0.33006094724651364,-85.20345471698114,0.310922141170582,1.374825,0.1387149849992563,-9.275105188679218,0.47186635494672546
3.3128,1.69293,0.02593,-92.95203532110092,0.1738668456029985,94.64496532110093,0.17578977473088964,-84.63529116972477,0.1613139636392993,0.9605719036697248,0.0662084126377376,-9.277316055045882,0.24624262175538789
3.38405,1.0732,0.01778,-92.59402407407408,0.1091872213748835,93.66722407407408,0.1106253936109057,-83.99984567901234,0.1007357533174614,0.6931925154320988,0.0395989707711546,-9.287370910493845,0.1537453082020359
3.45529,0.56167,0.01249,-92.13701271054272,0.0761895453963949,92.69868271054273,0.0772065212770872,-83.32357122582657,0.0694694402787838,0.5238491422333126,0.0257734563102956,-9.337290626949464,0.1062785068136335
3.52653,0.1609,0.01015,-91.63424532450732,0.0547451685168194,91.79514532450732,0.05567814630476624,-82.69571411397702,0.0494071170251404,0.3747735448527733,0.0178951849975284,-9.313304755383074,0.07588368951735701
3.59778,-0.14977,0.00833,-90.92684453287195,0.0428377674575073,90.77707453287195,0.04364015605773508,-81.94129252595157,0.0382796232715244,0.2480725,0.0132862601160273,-9.233624506920385,0.05896548640030066
3.66902,-0.39204,0.00707,-90.14063074437232,0.03507518636829,89.74859074437232,0.03578063161502709,-81.1472133075542,0.0311437774014361,0.1367140947382958,0.0104595007695536,-9.130131531556415,0.04805834709963266
3.74026,-0.58149,0.00627,-89.31470642975718,0.0301368446924213,88.73321642975718,0.030782175167052797,-80.36003124541558,0.0265766029438363,0.0467103675249971,0.008616093553464,-9.001385551866592,0.04109479650967375
3.81151,-0.71491,0.0056,-88.3942809360629,0.0269295678054707,87.6793709360629,0.027505665274438356,-79.52184030559265,0.023592451034491,-0.0456777584928052,0.0073948054298713,-8.826762871977445,0.03655801574689132
3.88275,-0.80746,0.00516,-87.36319181767051,0.0249931703328715,86.5557318176705,0.025520269655470496,-78.60663610275597,0.0217808164240404,-0.1606698664808158,0.0065225934691943,-8.595885848433724,0.0337876716118476
3.95399,-0.8578,0.00479,-86.32828074353229,0.0242587167318215,85.47048074353229,0.02472709925314242,-77.72405812676651,0.0210406278017925,-0.2320976294900533,0.0060082299407522,-8.372124987275729,0.032669438054384575
4.02524,-0.88265,0.0046,-85.21738750087668,0.0237355330558633,84.33473750087668,0.02417716959128962,-76.79115235905299,0.020495009002278,-0.3246238289899505,0.005648343482666,-8.101611312833745,0.03186416023603338
4.09648,-0.88921,0.00443,-84.20722329550891,0.0238542620024351,83.3180132955089,0.024262125127053873,-75.95482860464227,0.0205407219198277,-0.3610161455443082,0.0054832702004747,-7.891378545322329,0.03195329912168574
4.16772,-0.88105,0.00432,-83.16254466759132,0.0240614747844648,82.28149466759132,0.024446205611575705,-75.09650287987554,0.0206642442555175,-0.400048471501134,0.0053501094339895,-7.665993316214641,0.032165031173788515
4.23896,-0.8646,0.00417,-82.25249839881519,0.0245823506702093,81.3878983988152,0.024933528921376926,-74.35658031259898,0.0210695619387399,-0.4126654743940833,0.005292725566646,-7.483252611822129,0.03280596513878786
4.31021,-0.84913,0.00411,-81.40442080119847,0.0252075036030327,80.55529080119847,0.025540366831682478,-73.67702827035825,0.0215764418291958,-0.3999961012779966,0.0053070076537662,-7.327396429562223,0.033602461370303066
4.38145,-0.83089,0.00411,-80.71141687755534,0.0260120716200098,79.88052687755534,0.026334767323151338,-73.11706398925715,0.0222106944130118,-0.3755283190741201,0.0053182975542881,-7.218824569224069,0.034615417159824316
4.45269,-0.81205,0.00404,-80.20065414598594,0.0272506434854509,79.38860414598594,0.027548487624026615,-72.71288559975645,0.0232383807533397,-0.326828804177353,0.0054705953418793,-7.160939742052136,0.036229094990117096
4.52394,-0.79245,0.00404,-79.79688520369514,0.0285735036034141,79.00443520369514,0.028857697554973413,-72.39661277598152,0.0242924058599552,-0.2717090032332563,0.0055691485875138,-7.12856342448036,0.03791545208261285
4.59518,-0.77574,0.00404,-79.58423039337589,0.0300324303355997,78.80849039337589,0.03030294493712862,-72.22695426855665,0.0254489540761658,-0.2083034308713952,0.005702448859341,-7.148972693947841,0.03977579739523577
4.66642,-0.75824,0.00399,-79.45098300861022,0.0314576943018601,78.69274300861022,0.031709724546095976,-72.13125972513522,0.0265126780479744,-0.1497704391581116,0.005717504139459,-7.169952844316888,0.04153550868413141
4.73767,-0.73961,0.00401,-79.45145399322183,0.0329261696249866,78.71184399322183,0.03316945501773266,-72.13261115173506,0.0276400343564168,-0.0747042851617181,0.0057903427358576,-7.244138556325052,0.04337778480277653
4.80891,-0.7183,0.00407,-79.26983343835424,0.0337051040606876,78.55153343835424,0.03394994756611238,-71.97576928601214,0.0281625956701724,-0.0675611129129407,0.0056329177862604,-7.226503039429161,0.044282000828893914
4.88015,-0.69212,0.00412,-78.94574768685283,0.0343035284078212,78.25362768685282,0.0345500573259466,-71.70458464171847,0.0285367596384742,-0.0723400114740376,0.0054940438693653,-7.16882303366032,0.0449584611605953
4.9514,-0.65686,0.00414,-78.2107380167373,0.034543389765482,77.5538780167373,0.03479059321842625,-71.08597273838036,0.0286470709318247,-0.1550308854474753,0.0052011409838041,-6.969734392909457,0.0451769002588315
5.02264,-0.61834,0.0042,-77.42642258583584,0.0346610282533771,76.80808258583583,0.03491456543595245,-70.43308215399159,0.0286437837469009,-0.2212157742824385,0.0049450988481178,-6.7721246575618075,0.045236127481674264
5.09388,-0.57066,0.00423,-76.40696484097629,0.0347141250685624,75.83630484097628,0.03497089331538147,-69.59602550102271,0.0286402778390728,-0.3159723306167004,0.0046393643552165,-6.494967009336877,0.04524223353897915
5.16512,-0.52734,0.00436,-75.25573200510148,0.0347106969051702,74.72839200510148,0.03498345436978161,-68.66017571919708,0.0286047346459024,-0.4022090340468004,0.0043301461262435,-6.193347251857594,0.0451864303666455
5.23637,-0.48172,0.0044,-74.07666050512233,0.0347111513479213,73.59494050512234,0.03498891292821626,-67.70544066968917,0.0286138266550151,-0.4881045663803451,0.0039905517932056,-5.883115269052821,0.04516126224272089
5.30761,-0.44033,0.00445,-72.87155971458466,0.0345406290059773,72.43122971458466,0.0348261044638725,-66.7247664278067,0.028502330785624,-0.5640399593654191,0.0036403188355037,-5.5827533274125445,0.044929832334049645
5.37885,-0.4024,0.00453,-71.6864455466175,0.0342636378642145,71.2840455466175,0.034561796534469,-65.7766512533623,0.0282789145164339,-0.6147164698751058,0.0033418025483759,-5.2950778233800975,0.044551784814866185
5.4501,-0.36193,0.00458,-70.4705808002845,0.0343694835647968,70.1086508002845,0.03467330097511394,-64.79711496911344,0.0284331258998297,-0.6609660708876098,0.0030367148574545,-5.012499760283448,0.04470934674172604
5.52134,-0.32968,0.00467,-69.24740388269257,0.0342081813252844,68.91772388269257,0.03452547710870244,-63.823743898142,0.0283381979314953,-0.6850204908590711,0.0028054452037288,-4.738639493691497,0.04450981525887594
5.59258,-0.30308,0.00468,-68.28225691232143,0.0338971190950611,67.97917691232144,0.03421866570959125,-63.04820347619444,0.0281608482195866,-0.7016332076045207,0.0025919922206759,-4.532420228522471,0.044144835247890486
5.66383,-0.27482,0.00467,-67.14075603504308,0.0338078304543619,66.86593603504308,0.034128848501390724,-62.1426264123216,0.0281828101357802,-0.7005209439027836,0.002456092764417,-4.297608678818702,0.04408256547488742
5.73507,-0.25987,0.00469,-66.26370641650767,0.0336004541895091,66.00383641650767,0.03392619374084425,-61.446795792523496,0.0280931874530475,-0.686048463006148,0.0023837647149592,-4.1308621609780305,0.043862284906621654
5.80631,-0.25221,0.00474,-65.3425646500908,0.0334573065008759,65.09035465009079,0.033791403615321354,-60.704388953764486,0.0280698694111535,-0.6655886757927085,0.0023216703673795,-3.9725870205335987,0.04373441528530514
5.87756,-0.2506,0.00472,-64.58516862032202,0.0331042016874918,64.33456862032202,0.03343899773267935,-60.10051036193652,0.0277584395110838,-0.635891730679861,0.0022830776032916,-3.84876652770564,0.0432623575039466
5.9488,-0.24326,0.00469,-63.81877035085586,0.0329923638357161,63.57551035085586,0.03332404794541425,-59.47391465299451,0.0276705580877347,-0.6081385819857064,0.0022552268192566,-3.736717115875642,0.04311892744910594
6.02004,-0.24845,0.00469,-63.15294358645761,0.0324824090214118,62.90449358645761,0.03281924733802247,-58.93585634423506,0.0272539463419633,-0.5865396176328281,0.0021703496602576,-3.630547624589719,0.042456977102623424
6.09129,-0.25273,0.00467,-62.37057642120747,0.0318068713949196,62.11784642120747,0.032147876569580056,-58.30692992175909,0.0266287211801847,-0.5585022724102513,0.0020798118300308,-3.505144227038123,0.041534220552133974
6.16253,-0.2556,0.00462,-61.590799018604585,0.0311324738321648,61.335199018604584,0.03147340666198094,-57.66688761419818,0.0260808417940438,-0.5425634849400189,0.0019752826770424,-3.3813479194663847,0.040661320407121455
6.23377,-0.25736,0.00458,-60.75660697836455,0.0303782394029048,60.49924697836455,0.030721553170700824,-56.98898023257212,0.0254585774242203,-0.523557806662422,0.0018683920671848,-3.244068939130012,0.039679560010185806
6.30501,-0.24764,0.00455,-59.82296852391298,0.0297816736845018,59.57532852391298,0.03012723995738984,-56.2462526014183,0.0249683958858937,-0.5020383312241828,0.0017841103072755,-3.074677591270495,0.03890439474086941
6.37626,-0.24403,0.00452,-58.8466103308163,0.0288593159134431,58.602580330816295,0.02921113683155639,-55.46078577384237,0.0242299664499903,-0.4807517926555729,0.0017142490670958,-2.9050727643183567,0.03772121470768942
6.4475,-0.23853,0.00448,-57.85917307241975,0.0278027558258853,57.62064307241975,0.02816138546864836,-54.67063032772632,0.023385560129828,-0.4583369274643233,0.0016096341670856,-2.7302058172291055,0.036365761043204485
6.51874,-0.22718,0.00443,-56.91435918549003,0.0270174596757539,56.68717918549003,0.02737824003348258,-53.9155399787298,0.022808884055519,-0.4356312336716529,0.0015089395334537,-2.5631879730885783,0.03539018533018323
6.58999,-0.21469,0.00441,-55.88832621072088,0.0262659390596584,55.67363621072088,0.026633581334204542,-53.08486179066544,0.0222786762976079,-0.4099822285120147,0.0014193762202818,-2.393482191543419,0.03447105454020788
6.66123,-0.20454,0.00438,-54.90480383381069,0.0252959455710008,54.70026383381069,0.025672344309217946,-52.28936566939278,0.0215468452858541,-0.3866002691604265,0.0013183232130152,-2.228837895257483,0.03325491512840685
6.73247,-0.1945,0.00434,-53.98582190968126,0.0243799337222627,53.791321909681265,0.024763214013974882,-51.536331210701725,0.0208800572117491,-0.3654287047747758,0.0012280377092141,-2.0840619942047622,0.03212267165232508
6.80372,-0.18224,0.00436,-52.99631063725041,0.0233311196773747,52.81407063725041,0.023735010962710357,-50.72631898584906,0.020155826360547,-0.3451891497984979,0.0011229483070893,-1.92480250160285,0.030852220253604064
6.87496,-0.16942,0.0043,-52.11680795480589,0.0223774144088351,51.94738795480589,0.02278680924624465,-50.00202529678692,0.0194695857426466,-0.3235328161525415,0.0010407571445397,-1.7912498418664329,0.02967990262869673
6.9462,-0.15666,0.00428,-51.226168320181685,0.0213482572915652,51.06950832018168,0.02177306798287432,-49.26905419323761,0.0187656391107016,-0.3038818174519429,0.0009597309205562,-1.6532323094921344,0.028439732489245254
7.01745,-0.1456,0.00432,-50.338355701854816,0.0202611141086644,50.192755701854814,0.02071654278407282,-48.52871993473781,0.017985983125961,-0.2826994916418593,0.0008955271574214,-1.526936275475149,0.027107384654764328
7.08869,-0.13303,0.00428,-49.589574666468,0.0194317166576249,49.456544666468005,0.019897487586683325,-47.89850659040896,0.0174222922890644,-0.2635141114982578,0.0008422434190368,-1.4275539645607889,0.026112013611453266
7.15993,-0.11643,0.00429,-48.78051624781911,0.0185459796952363,48.66408624781911,0.019035689187841796,-47.198057071880015,0.0168571319011426,-0.2462050273261927,0.0008045094267345,-1.3362541486129,0.025075156912895705
7.23117,-0.11093,0.00426,-48.09465832285354,0.017677190746185,47.98372832285354,0.01818325253294934,-46.62093995769979,0.0162275802773872,-0.22674667085858,0.0007477997590157,-1.2469716942951707,0.024007845359707698
7.30242,-0.10064,0.00425,-47.42771671629191,0.0168962692498093,47.32707671629191,0.017422583464057544,-46.03605476573463,0.0156720365566144,-0.2119568442908153,0.0007093566803759,-1.179705106266463,0.02305644880058296
7.37366,-0.08816,0.00434,-46.80141311805102,0.0161636499964631,46.71325311805102,0.016736163873724518,-45.49626132346052,0.0151723800787501,-0.1949802909282048,0.0006661008422774,-1.1101715036622957,0.02217900784062031
7.4449,-0.07871,0.00422,-46.21143466519357,0.0156032724656862,46.13272466519357,0.01616386437824944,-44.97368193560144,0.0147666472672506,-0.1820156827682039,0.0006252523624281,-1.055737046823927,0.02149201999977114
7.51615,-0.06993,0.00423,-45.619567815179416,0.0150457228202182,45.549637815179416,0.015629033085345835,-44.44909227078892,0.0143706344507157,-0.1684843691874971,0.0005872793955966,-1.0019911752030015,0.020814269307074508
7.58739,-0.06406,0.00419,-45.09270716268927,0.0145284036073034,45.028647162689275,0.015120536080996153,-43.97912052135205,0.0139728453296412,-0.1563434516248693,0.0005491032352326,-0.957243189712352,0.020164732389638236
7.65863,-0.0564,0.00416,-44.54277526904552,0.0140661601947745,44.486375269045524,0.014668417181995425,-43.48209442240425,0.0136330810461645,-0.1454777209078819,0.0005099879603985,-0.9152031257333868,0.01959535274385485
7.72988,-0.04838,0.00423,-44.08160029245944,0.0137160106690729,44.03322029245944,0.014353461208855571,-43.065623032014855,0.0133729241836591,-0.1363659868560054,0.0004840182221261,-0.8796112735885808,0.019162419563702442
7.80112,-0.0391,0.00418,-43.6098681473348,0.0133915419221056,43.5707681473348,0.014028748876913855,-42.63655358022226,0.0131149633424423,-0.1274849093853286,0.0004530553550826,-0.8458296577272099,0.018749424462630476
7.87236,-0.0322,0.00414,-43.16335940475141,0.013045558714613,43.13115940475141,0.013686716267111522,-42.22971084824577,0.0128407983904508,-0.119789465796897,0.0004264995663805,-0.8138590907087409,0.01830995923973458
7.94361,-0.03309,0.00414,-42.709398436385634,0.0126377534811541,42.67630843638563,0.013298586881711252,-41.81283684381146,0.0125005655844457,-0.1118793142573101,0.0003992356013808,-0.7846822783168629,0.01778022334074746
8.01485,-0.02703,0.0041,-42.29477582009845,0.0124225583775395,42.26774582009845,0.013081664903343794,-41.43599464027196,0.0123386559241863,-0.1042471898424681,0.0003689939707487,-0.7545339899840257,0.017512810831196785
8.08609,-0.02579,0.00413,-41.91184721327745,0.0120678437183791,41.88605721327745,0.012754989298749799,-41.0832638227562,0.0120184485945147,-0.098282486776397,0.000343149445779,-0.7303009037448487,0.017035072942971293
8.15734,-0.02711,0.00407,-41.50651979442696,0.011743432246033,41.47940979442696,0.012428720807756833,-40.7135460810699,0.0117359620463359,-0.0919948171994037,0.0003193052907863,-0.7009788961576532,0.016605509987318322
8.22858,-0.02198,0.00405,-41.10516505299665,0.0115623622408699,41.08318505299665,0.012251151806630022,-40.33365075775454,0.0115938398764309,-0.0869725751341589,0.0002989448555443,-0.6845417201079472,0.01637665141889726
8.29982,-0.02399,0.00395,-40.75764806915267,0.011240389995556,40.733658069152675,0.011914229612198828,-40.01756167252991,0.0113059260890292,-0.0816785144235601,0.0002780113529729,-0.6584078821992045,0.01594514416037586
8.37106,-0.02476,0.00393,-40.39016771761548,0.0109449405411984,40.36540771761548,0.0116291282326049,-39.67858961583627,0.0110370683221184,-0.0764093707135596,0.0002559785821206,-0.6351687310656506,0.015545871658803256
8.44231,-0.02291,0.00392,-40.01873615350177,0.0107201362039152,39.99582615350177,0.01141436464418819,-39.32776674095846,0.0108406378312505,-0.0722654290107836,0.0002405337676554,-0.618703983532527,0.015247904948294222
8.51355,-0.02457,0.0039,-39.68405906448935,0.0104506937014785,39.65948906448935,0.011154685062435533,-39.01695184630215,0.0105947206740765,-0.0682233639062007,0.0002243484668413,-0.5988838542809971,0.01488339468126813
8.58479,-0.02295,0.00382,-39.37004404306985,0.010277009595322,39.34709404306985,0.010964001378253308,-38.725607244508026,0.0104432882149687,-0.0641010080379496,0.0002037617107623,-0.5803357905238775,0.014653351623366489
8.65604,-0.02892,0.0038,-39.01982379442438,0.0099531804207007,38.99090379442438,0.010653910103197783,-38.39850847339577,0.0101367417808183,-0.0603288898256932,0.0001881207024399,-0.5609864312029177,0.014207558686019693
8.72728,-0.03106,0.00378,-38.6805989013753,0.0097181113890121,38.6495389013753,0.01042737210275181,-38.079574728038736,0.009912927736656,-0.0568761437644289,0.0001758523247822,-0.5441480295721328,0.0138830381877146
8.79852,-0.03095,0.00371,-38.3812777178669,0.009497983637746,38.350327717866904,0.010196852121262265,-37.80094256834997,0.0097118453030862,-0.0534381575341859,0.0001585961164335,-0.5268969919827479,0.013585167834889491
8.86977,-0.03081,0.00371,-38.06450188191688,0.0092834802143327,38.03369188191688,0.009997354894666225,-37.503136509013714,0.0095073990853498,-0.0504676437321639,0.0001480474990632,-0.5108977291710043,0.01328892622900721
8.94101,-0.0244,0.00366,-37.76910906218895,0.0091023706409731,37.74470906218895,0.009810644794591691,-37.22669994979876,0.0093267340041342,-0.0475537317695935,0.0001366623119286,-0.49485538062060247,0.013033027087251214
9.01225,-0.02849,0.00361,-37.46427560051103,0.0088175639426539,37.43578560051103,0.009527934397485647,-36.944727983518206,0.0090439328642449,-0.0443771640818674,0.0001233327006883,-0.4751704529109567,0.012631601897258251
9.0835,-0.02672,0.0036,-37.15162491458739,0.0086123465439539,37.12490491458739,0.009334479792315942,-36.64878608004144,0.0088461396724258,-0.0418899785319889,0.0001145463688927,-0.4609488560139587,0.01234665221701198
9.15474,-0.02669,0.00354,-36.846997867458384,0.0084364857704664,36.82030786745838,0.00914909242249099,-36.36102473764721,0.0086763915965275,-0.039299545200342,0.0001037382174256,-0.4466735846108291,0.012102265280075863
9.22598,-0.02249,0.0036,-36.54984691241233,0.0081846416952504,36.52735691241233,0.008941384662323354,-36.079223669874416,0.0084298698054296,-0.037173267819279,9.698885912983906e-05,-0.43344997471863234,0.011749913678615697
9.29722,-0.01975,0.00352,-36.26548782314023,0.007996860140736,36.245737823140225,0.008737286312722744,-35.811890718089394,0.0082421197676577,-0.0349657769888655,8.923209959207148e-05,-0.4186313280619668,0.011484349034338152
9.36847,-0.02034,0.00352,-35.960320070327505,0.0077879875768876,35.93998007032751,0.008546528564145537,-35.52108228715214,0.0080388122291993,-0.0329601530377355,8.211370642434623e-05,-0.4062776301376294,0.011192943992304373
9.43971,-0.0139,0.00352,-35.677367706620714,0.0076265671983956,35.663467706620715,0.008399698044075376,-35.25337451862274,0.0078771168178053,-0.0311039174149487,7.707655748460955e-05,-0.3928892705830234,0.01096446247605
9.51095,-0.01292,0.00355,-35.40082221901589,0.0074475558925079,35.38790221901589,0.008250369008234065,-34.990363151327024,0.0076988056217888,-0.0293862625663902,7.151717283001042e-05,-0.3810728051224789,0.010711807106185472
9.5822,-0.01012,0.00352,-35.11869709640312,0.007262132067699,35.10857709640312,0.008070251679390312,-34.722633223448035,0.007514271394384,-0.0276641941186915,6.608031726377466e-05,-0.3683996788363908,0.010450225038987893
9.65344,-0.00551,0.00348,-34.82807937386451,0.0070783377323165,34.82256937386451,0.007887538592788975,-34.44565530735679,0.0073317711582011,-0.0260478179546342,6.158149912624547e-05,-0.3563762485530899,0.010191247502146124
9.72468,-0.0052,0.00346,-34.57400862588901,0.0069077860045351,34.568808625889005,0.007725872603431343,-34.20439517953911,0.0071606397909343,-0.0246013233971475,5.651324569509722e-05,-0.3450121229527475,0.009949646398083784
9.79593,-0.00086,0.00343,-34.28746229029741,0.0067270450175735,34.28660229029741,0.0075510287159075516,-33.93167444854596,0.0069800012354839,-0.0230619196602742,5.258143209278762e-05,-0.33272592209117596,0.009694138266128565
9.86717,-0.00138,0.00343,-34.0356128582723,0.0065653772644597,34.034232858272304,0.0074073665107569995,-33.69265796567088,0.0068156090838443,-0.0218113634852257,4.887243776614653e-05,-0.3211435291161935,0.009463566680889319
9.93841,-0.00104,0.00342,-33.75940008744508,0.0063841561385782,33.75836008744508,0.007242502992871022,-33.42648121169723,0.0066370547470906,-0.0205926881344321,4.55446765201276e-05,-0.3123261876134184,0.009209235561933624
10.00966,0.00063,0.00337,-33.50529337862371,0.0062483574798478,33.50592337862371,0.007099216238146994,-33.183825267275665,0.0064975511239644,-0.019400289608668,4.202132463397751e-05,-0.30206782173937863,0.00901453867905757
10.0809,0.00352,0.00332,-33.24957452302948,0.0060996227966896,33.25309452302948,0.0069446236947652866,-32.93880342961963,0.0063529958078112,-0.018326629693868,3.926723781729924e-05,-0.29244446371597976,0.00880724110672167
10.15214,0.00565,0.00332,-33.01175385615098,0.00598543639575,33.017403856150985,0.00684454884178415,-32.711821942519734,0.0062370660403654,-0.0173106286949335,3.667774376670418e-05,-0.28262128493631444,0.008644523520491797
10.22339,0.00645,0.00328,-32.77055560584716,0.0058485317825836,32.77700560584716,0.006705499534851263,-32.478334114209204,0.0060980472814824,-0.0164498430809144,3.451703773372248e-05,-0.2757716485570387,0.008449419866770695
10.29463,0.0074,0.00332,-32.51952806870088,0.0057097847260103,32.526928068700876,0.006604849855778746,-32.23713654470172,0.0059605523723691,-0.0155334093461291,3.2346012720753546e-05,-0.2668581146530301,0.008254142745656532
10.36587,0.00506,0.00332,-32.294773590026466,0.0055638957718642,32.299833590026466,0.006479146252413841,-32.02303029015032,0.0058105590184154,-0.0146730404531948,3.0036961084170274e-05,-0.25707025942295475,0.008044901148285667
10.43711,0.00624,0.00328,-32.06272904034998,0.0054489822540478,32.06896904034998,0.006360016321121184,-31.798349511679557,0.0056952908909253,-0.0139160710941053,2.7876538282671917e-05,-0.25046345757631583,0.007882164870044978
10.50836,0.0041,0.00327,-31.83987966781516,0.0053118782773256,31.843979667815162,0.0062377039712640725,-31.5858128448752,0.0055551994323907,-0.0131143867862496,2.5913693775973195e-05,-0.2409524361537118,0.007686153985335101
10.5796,0.00683,0.00321,-31.632039414260294,0.0052171693049504,31.638869414260295,0.006125598383547246,-31.384071459852585,0.005459439137458,-0.0125076397713868,2.427559084244222e-05,-0.23546031463632255,0.007551484659087611
10.65084,0.0044,0.00321,-31.40231536496187,0.0051057832481428,31.40671536496187,0.006031013395526132,-31.163128297271516,0.0053473819988608,-0.0118284733650514,2.278758830225162e-05,-0.22735859432530084,0.00739351310899878
10.72209,0.0027,0.00319,-31.19672916530154,0.0049899271210672,31.19942916530154,0.00592245495327419,-30.96246018296832,0.0052300217869874,-0.0113140074094608,2.1538120929332448e-05,-0.22295497492375854,0.007228621200241304
10.79333,0.00443,0.00317,-30.98449774571125,0.0048975497330849,30.988927745711248,0.005833943210902895,-30.75806173882677,0.0051371645248522,-0.0106979982664113,1.991914474158329e-05,-0.21573800861806888,0.0070976650749219735
10.86457,0.00347,0.00315,-30.77852128531577,0.0047859184627107,30.78199128531577,0.005729530131844595,-30.55982423039584,0.0050214229834672,-0.0101360623302569,1.854861696413531e-05,-0.20856099258967184,0.0069368615642665865
10.93582,0.00131,0.00311,-30.57565899222324,0.0046882233800537,30.57696899222324,0.005625970001811434,-30.363468616195256,0.0049200924925252,-0.009623793755627,1.723688436226686e-05,-0.20256658227235652,0.00679610518653644
11.00706,0.00117,0.00311,-30.3785851677152,0.004587668744434,30.3797551677152,0.005542454736726014,-30.17172421539104,0.0048170737401395,-0.0091794167983541,1.6155764992825546e-05,-0.1976815355258057,0.00665215490915092
11.0783,8e-05,0.00307,-30.190444221864425,0.0045176145860623,30.190524221864425,0.0054620272379587095,-29.990365302392817,0.0047469073619238,-0.0087259595947724,1.5085414886747748e-05,-0.19135295987683532,0.006553029728349439
11.14955,0.00038,0.00299,-29.98480892443599,0.0044196820185238,29.985188924435988,0.005336074319653224,-29.79052651734565,0.0046459571300861,-0.00827996006756,1.3928086107707529e-05,-0.18600244702277774,0.006412386512917255
11.22079,0.00055,0.00298,-29.793208362089715,0.0043371692774163,29.793758362089715,0.005262265419091271,-29.60470099109221,0.0045606513765841,-0.0078757219668221,1.3079207072856634e-05,-0.18063164903068393,0.006293707125801131
11.29203,-0.00106,0.00295,-29.603427150340373,0.0042582519764556,29.602367150340374,0.00518027121828462,-29.419384437620653,0.0044810626490866,-0.0075172998114676,1.217897348972144e-05,-0.1765254129082519,0.006181648703009764
11.36327,-0.00253,0.00295,-29.41020976267529,0.0041735980936979,29.40767976267529,0.0051109119585176525,-29.230638677031557,0.0043953122757875,-0.0071505404864377,1.1257935377750687e-05,-0.17242054515729544,0.006061172971506093
11.43452,-0.0029,0.00288,-29.224028047810076,0.0040953192229166,29.221128047810076,0.005006599598289265,-29.050390426460183,0.0043127581704319,-0.0067935528835863,1.04744767642611e-05,-0.16684406846630728,0.005947405509033399
11.50576,-0.00406,0.00291,-29.03207309604306,0.0040003793764554,29.02801309604306,0.0049468308193801915,-28.86272668974657,0.0042161717583077,-0.0064736764666107,9.79042957442346e-06,-0.16287272982987996,0.005811990648962917
11.577,-0.00253,0.00288,-28.85640391488815,0.0039459657365058,28.85387391488815,0.004885186341755835,-28.691581817840916,0.0041602974939918,-0.0061807684066169,9.139336861283498e-06,-0.15864132864061825,0.005734004216921233
11.64825,-0.00393,0.00285,-28.677603350560364,0.0038827689421023,28.673673350560364,0.004816471183112613,-28.51672271222767,0.0040940941297539,-0.0059045974523704,8.524556761757566e-06,-0.15497604088032532,0.005642479425669849
11.71949,-0.00479,0.00285,-28.49942533640927,0.0038004303334141,28.49463533640927,0.004750344273748378,-28.342742461516035,0.0040119094513291,-0.0056234184598078,7.890019632093329e-06,-0.15105945643342739,0.0055261876929043555
11.79073,-0.00323,0.00283,-28.32895444040937,0.0037454475324652,28.32572444040937,0.004694387842780958,-28.17530788832949,0.0039526553901677,-0.0053961982089798,7.479567345876385e-06,-0.14825035387090085,0.005445357453445926
11.86198,-0.0043,0.00278,-28.159223678922285,0.0036563025359414,28.154923678922284,0.004593141434174601,-28.010499082228087,0.0038594120383382,-0.0051459033490534,7.026676313956456e-06,-0.14357869334514428,0.005316357671393202
11.93322,-0.00392,0.00277,-27.988542801022103,0.0036065111094801,27.984622801022102,0.004547507271330457,-27.842785284146352,0.0038088356193336,-0.0049240204017986,6.569513428743202e-06,-0.14083349647395219,0.005245397441225445
12.00446,-0.00297,0.00274,-27.822131697128714,0.0035409133084942,27.819161697128713,0.004477238776106468,-27.68121507684802,0.0037416527543348,-0.0046902564587678,6.113702433823066e-06,-0.13622636382192727,0.00515151140633989
12.07571,-0.00454,0.00274,-27.65641801399508,0.0034810606635653,27.65187801399508,0.004430054553097702,-27.518841048943496,0.0036786706452096,-0.0044967637619855,5.780552255204582e-06,-0.1330802012895973,0.005064625798036107
12.14695,-0.00063,0.00276,-27.49309221723212,0.0034158171455604,27.49246221723212,0.004391515316141389,-27.35809768757628,0.0036113205343093,-0.0043136836709787,5.464253570269319e-06,-0.130680845984863,0.004970862362960323
12.21819,-0.00397,0.00272,-27.32540581504138,0.0033596744019892,27.32143581504138,0.004322708883024797,-27.1926392400144,0.0035526564783927,-0.0041328242773179,5.11022985145507e-06,-0.1286337507496594,0.0048896632046896895
12.28944,-0.00268,0.00272,-27.165024841618,0.0032936326137485,27.162344841617998,0.004271582352518535,-27.03612208365611,0.0034850839207401,-0.0039476823710011,4.795066776800958e-06,-0.12495507559088778,0.004795190165323411
12.36068,-0.00283,0.00266,-27.00993823012757,0.0032337357290002,27.00710823012757,0.0041872003492802266,-26.88391940932234,0.0034210472779005,-0.0037895175380915,4.550151094983699e-06,-0.12222930326714047,0.00470750803998441
12.43192,-0.00258,0.0027,-26.855597043849865,0.0031814978234236,26.853017043849867,0.004172760285524332,-26.73306665273133,0.0033669165715752,-0.003627591973244,4.282278850138078e-06,-0.11890279914529026,0.004632286038049567
12.50316,0.0001,0.00268,-26.6995200748262,0.0031349808560366,26.6996200748262,0.004124379343333488,-26.58023284417975,0.0033187124516673,-0.0034697078456789,4.02768891540022e-06,-0.11581752280077051,0.004565301033540456
12.57441,0.00254,0.00265,-26.546560985316884,0.003082882201575,26.549100985316883,0.004065299825202063,-26.42994408278604,0.0032641951425844,-0.003330587233107,3.826640403779665e-06,-0.11328631529773645,0.004489893900844016
12.64565,-0.00178,0.00268,-26.39687758432345,0.0030299010683341,26.39509758432345,0.004045083495293035,-26.28332970685152,0.0032076799317111,-0.0031934114643038,3.6129572447899017e-06,-0.1103544660076265,0.004412428365611651
12.71689,0.00028,0.00271,-26.2474987665996,0.0029690885268912,26.2477787665996,0.004019898839587503,-26.13717572855377,0.0031444177365029,-0.0030565909972922,3.408409615412805e-06,-0.1072664470485349,0.004324680473677458
12.78814,0.00276,0.00264,-26.10350653965076,0.0029342712715604,26.106266539650758,0.003947093601006276,-25.99521635023433,0.0031079895319164,-0.0029421898948375,3.253023551982634e-06,-0.10534799952159193,0.004274290281177547
12.85938,0.00109,0.0026,-25.95901358219388,0.0028746172149622,25.96010358219388,0.0038760062090452117,-25.85366015202481,0.0030461132165821,-0.0028218055130836,3.066165743468592e-06,-0.10253162465598746,0.004188345647408479
12.93062,0.00209,0.00261,-25.80628737606946,0.0028280375792771,25.80837737606946,0.0038483628401962673,-25.703415982984023,0.002996026195869,-0.0027023130817865,2.910270775523716e-06,-0.10016908000365007,0.004119948784367682
13.00187,-0.00056,0.00262,-25.66254379607456,0.0027724497333128,25.66198379607456,0.00381456124918007,-25.561710420413,0.0029396828005001,-0.0025945187792426,2.7422192611451345e-06,-0.09823885688231587,0.004040819225239952
13.07311,-0.00222,0.00258,-25.523737858650065,0.0027242052842808,25.521517858650064,0.0037520253771667687,-25.425427227560466,0.0028879331315113,-0.0024927093053558,2.610090549178993e-06,-0.095817921784244,0.003970070404357683
13.14435,-0.00319,0.00257,-25.385002565667133,0.0026747554351813,25.381812565667133,0.003709341806578615,-25.28891725111244,0.002835852330225,-0.0023961101979145,2.467344702374697e-06,-0.09368920435677755,0.003898253604457302
13.2156,-6e-05,0.00255,-25.244817037911563,0.0026349527776578,25.244757037911562,0.003666807349791717,-25.15071883359203,0.0027945422491624,-0.0023014092995607,2.3450132752170285e-06,-0.09179679501997194,0.003840891566020507
13.28684,-0.00219,0.00256,-25.10281739026048,0.0025829992014239,25.10062739026048,0.0036366859741468614,-25.010575995051703,0.0027399717365642,-0.0022098013762456,2.2227939385040155e-06,-0.09003159383253168,0.0037655457682174093
13.35808,-0.0048,0.00252,-24.96911919042523,0.0025352010765041,24.96431919042523,0.003574583122310565,-24.879161118927097,0.0026895180555961,-0.0021246387616287,2.1096889533688404e-06,-0.08783343273650247,0.003696046038738215
13.42932,-0.00279,0.00252,-24.837819820371912,0.0025041369370796,24.83502982037191,0.0035526190056979655,-24.749494870213333,0.0026570317202561,-0.0020470041425086,2.007327138235063e-06,-0.08627794601607085,0.0036510989292890613
13.50057,-0.00211,0.00254,-24.69716328241717,0.0024585744665359,24.69505328241717,0.0035349948242539603,-24.610653948794763,0.0026093516948299,-0.0019665778426,1.918144255732877e-06,-0.08454275577980565,0.0035851510922262873
13.57181,-0.00175,0.0025,-24.566409178587456,0.0024212167467223,24.564659178587455,0.003480271617935663,-24.48196225717687,0.0025705314566824,-0.0018901652973204,1.8237352303317096e-06,-0.08255675611326456,0.003531278214812938
13.64305,-0.00263,0.00251,-24.433496591807536,0.0023834800906765,24.430866591807536,0.003461369287240421,-24.35097554447389,0.002530411873822,-0.0018150096225417,1.7262860380984537e-06,-0.08070603771110448,0.0034761997315882337
13.7143,-0.00428,0.00252,-24.30606972858377,0.0023353083751994,24.301789728583767,0.003435704470305393,-24.22488356582538,0.0024802279832034,-0.001751176669851,1.6467904706192425e-06,-0.07943498608853775,0.003406640393094129
13.78554,-0.0009,0.00251,-24.175615873617208,0.0023069412915283,24.174715873617206,0.003409116912421494,-24.09624395969086,0.0024502714611423,-0.0016820832701924,1.563792192109108e-06,-0.07768983065615562,0.003365384198170055
13.85678,-0.00194,0.0025,-24.050907780152485,0.0022637662306109,24.048967780152484,0.0033726306567506445,-23.972848000688707,0.0024054166097547,-0.0016220749568621,1.4918986721920778e-06,-0.0764377045069164,0.003303130157759413
13.92803,-0.00227,0.00244,-23.92368246990561,0.0022288937422444,23.92141246990561,0.003304779465292086,-23.84748734017856,0.0023690923560528,-0.0015593830419858,1.416867677325015e-06,-0.07463574668506487,0.0032527784912652854
13.99927,-0.00105,0.00246,-23.80006529453461,0.0021970910702733,23.79901529453461,0.003298303984030986,-23.72536097613827,0.0023359812311836,-0.0015023777256249,1.3486088581621255e-06,-0.07320194067071427,0.003206870640088648
14.07051,-0.00037,0.00245,-23.678035445360045,0.0021619032501747,23.677665445360045,0.003267464714899907,-23.60515979129662,0.002298296670489,-0.0014447412864338,1.2798314499412487e-06,-0.07143091277698986,0.003155312169447786
14.14176,0.00191,0.00243,-23.557181950367305,0.0021318878874917,23.559091950367304,0.0032326221500252428,-23.485807549435563,0.0022668755172484,-0.0013934535629414,1.2241982292196798e-06,-0.06998094736880023,0.003111859905939747
14.213,3e-05,0.00241,-23.439785489346367,0.0020960678914537,23.439815489346365,0.0031939944592286255,-23.36998912646936,0.0022292005331448,-0.0013431582178846,1.163789336114849e-06,-0.06845320465912226,0.003059875320492951
14.28424,0.00184,0.0024,-23.320661693182466,0.0020698132436011,23.322501693182467,0.003169247049913671,-23.252248250950032,0.0022016597597804,-0.0012947404429697,1.110688394084165e-06,-0.06711870178946369,0.0030218262350524892
14.35549,0.00123,0.00238,-23.20618496970802,0.0020368503015325,23.20741496970802,0.003132596231698723,-23.139856711216456,0.0021670166518286,-0.0012460371497489,1.0516788849252383e-06,-0.06508222134181386,0.0029740076372100914
14.42673,0.00231,0.00235,-23.08634635776792,0.0020048858174167,23.08865635776792,0.0030890236549561464,-23.02060711751694,0.0021335796840107,-0.001203372681868,1.0077640545725434e-06,-0.06453586756911266,0.0029277517696161023
14.49797,0.00074,0.00234,-22.97381538567223,0.0019767193831818,22.97455538567223,0.0030631714806465924,-22.90960410179261,0.0021039626559632,-0.0011604658910973,9.584542151285123e-07,-0.06305081798852141,0.0028868805476099705
14.56921,-0.00058,0.00235,-22.860686404607247,0.0019468792584732,22.860106404607247,0.003051694422296105,-22.797372852314144,0.002072763307195,-0.0011217870402421,9.16597717361432e-07,-0.06219176525286066,0.0028437101495895263
14.64046,-0.00053,0.0023,-22.74871160932752,0.0019125127016216,22.748181609327517,0.0029912714410203485,-22.686848078164072,0.0020360984199558,-0.0010814558629775,8.714547310227667e-07,-0.06078207530046884,0.0027934570641131758
14.7117,-0.00054,0.00233,-22.63987843308248,0.0018874441249798,22.63933843308248,0.002998557207211622,-22.579849566464844,0.0020098152430304,-0.0010421439436553,8.281237926454111e-07,-0.0589867226739801,0.0027571367978080313
14.78294,-0.00032,0.00229,-22.53193173636897,0.0018569620397638,22.531611736368973,0.002948288998236729,-22.47302141457977,0.0019771118604462,-0.0010073719999208,7.946943075882364e-07,-0.057902949789281614,0.0027124306364181574
14.85419,0.00069,0.00226,-22.42045901839408,0.0018352561511931,22.42114901839408,0.0029113167365458726,-22.36246549525262,0.0019549545203276,-0.0009721265402005,7.56795111325286e-07,-0.05702139660125828,0.002681419939095752
14.92543,-0.00189,0.00226,-22.311122110979177,0.0018049068879519,22.309232110979178,0.00289228091204437,-22.254089597718213,0.0019231587017807,-0.0009390898648735,7.246088701983865e-07,-0.05609342339609042,0.002637466358357781
14.99667,-0.00152,0.00224,-22.20804735956817,0.0017795644167272,22.20652735956817,0.0028608476913812835,-22.152214114174612,0.0018959215054346,-0.0009080447309681,6.935017518764038e-07,-0.054925200662589616,0.0026002631307226773
15.06792,-0.00287,0.00221,-22.09806336783553,0.0017519234375362,22.095193367835527,0.0028201659048695447,-22.043031230227086,0.0018666837535215,-0.0008767769156618,6.608855794495262e-07,-0.05415536069278081,0.0025600282036375146
15.13916,-0.00232,0.00223,-21.9986783817746,0.0017242240616606,21.9963583817746,0.0028188381675451637,-21.94498110900459,0.001837139348461,-0.0008479341303291,6.326640196455657e-07,-0.052849338639679805,0.002519529718169017
15.2104,-0.00282,0.00221,-21.895601509972398,0.0017050267520045,21.892781509972398,0.002791275017810143,-21.84236182077608,0.0018174290775836,-0.0008212543813393,6.050976065429781e-07,-0.052418434814978085,0.002492020273440909
15.28165,-0.00118,0.00219,-21.790840975943446,0.001675220950223,21.789660975943445,0.0027572568309945397,-21.73893660989687,0.0017861055160145,-0.0007920767763544,5.78468341959575e-07,-0.05111228927022038,0.0024487830612426854
15.35289,-0.00222,0.00218,-21.690128507297565,0.0016529752006889,21.687908507297564,0.0027358229135111267,-21.63910489176315,0.0017620621580046,-0.0007666219679814,5.542288960376458e-07,-0.05025699356643386,0.0024160278081872336
15.42413,-0.00082,0.00217,-21.58734065805682,0.0016332212865959,21.58652065805682,0.0027159366286771064,-21.53698306431353,0.0017411768878877,-0.0007418254403035,5.311560251856068e-07,-0.04961576830298568,0.0023872806722358784
15.49537,-0.00089,0.00216,-21.48651039265956,0.0016123010986305,21.485620392659563,0.0026953876961663824,-21.4373424507114,0.0017191467469096,-0.0007163279809292,5.082722079954012e-07,-0.04845161396723001,0.002356900640331623
15.56662,-0.00094,0.00215,-21.389655329958288,0.0015868086026896,21.388715329958288,0.0026721642055775167,-21.341331163618428,0.0016922100467397,-0.0006935131377232,4.873470491153015e-07,-0.04763065320213694,0.0023198139195555415
15.63786,0.00041,0.00217,-21.28974115593769,0.001568100532945,21.29015115593769,0.00267728206982798,-21.2421215224646,0.001672251120429,-0.0006708032492305,4.675041239061528e-07,-0.04694883022385956,0.002292457918863189
15.7091,0.00192,0.00216,-21.193494408339276,0.0015499814174869,21.195414408339275,0.002658579017925685,-21.1465326828539,0.0016529549189665,-0.0006499491400714,4.48715555354754e-07,-0.04631177634530662,0.0022659882082737984
15.78035,0.00236,0.00216,-21.09539506449559,0.0015260907452968,21.09775506449559,0.0026447217174743625,-21.049491948880306,0.0016279969985502,-0.0006279943135732,4.297299976164522e-07,-0.04527512130171217,0.0022314406500816624
15.85159,0.00523,0.00214,-21.002176435728416,0.0015118863239358,21.007406435728416,0.0026201908816924214,-20.95719333269642,0.0016125573681827,-0.0006082147085985,4.1488926441079e-07,-0.044374888323397095,0.002210461873527233
15.92283,0.0029,0.00213,-20.90866742477937,0.001488706528496,20.91156742477937,0.0025986818058366845,-20.86438019542503,0.0015878664754202,-0.0005890609995884,3.958481797497825e-07,-0.04369816835475042,0.0021765953295102337
15.99408,0.00583,0.00213,-20.814914938497584,0.0014708600925728,20.820744938497583,0.002588499451791185,-20.771494163461785,0.001569115223306,-0.0005703607022177,3.812883136301192e-07,-0.04285041433358074,0.0021507096831777832
16.06532,0.00535,0.00211,-20.722111717560693,0.0014512321860018,20.727461717560693,0.002560893371010898,-20.679457708246403,0.0015482454599932,-0.0005525056099953,3.667592601071445e-07,-0.04210150370429512,0.002122060083171415
16.13656,0.00633,0.00211,-20.630884377169213,0.0014335578859222,20.63721437716921,0.002550919091678473,-20.588831989072755,0.0015294833363908,-0.0005356663830358,3.52631174746347e-07,-0.04151672171342226,0.0020962842395380464
16.20781,0.00436,0.00209,-20.53944000602804,0.0014136054270317,20.54380000602804,0.002523168702907809,-20.498429358511025,0.0015083731225189,-0.0005178822761673,3.368207090437892e-07,-0.040492765240848695,0.002067237261061023
16.27905,0.00671,0.0021,-20.45345323786146,0.0013981262222154,20.46016323786146,0.0025228469896619384,-20.41344028256299,0.0014914238374428,-0.0005022851607647,3.260613913692165e-07,-0.03951067013770401,0.0020442852302100466
16.35029,0.0039,0.0021,-20.36227765225253,0.0013753283412059,20.36617765225253,0.0025102844552209957,-20.322799405949738,0.0014677371254491,-0.0004868277227077,3.128952287908341e-07,-0.038991418580084584,0.002011412541834515
16.42154,0.00698,0.00211,-20.272790524054447,0.0013615987191896,20.279770524054445,0.002511185192712548,-20.234022549574,0.0014529179170814,-0.0004716322284421,3.015014290615355e-07,-0.038296342252004456,0.0019912110979948923
16.49278,0.00453,0.00212,-20.17931289125731,0.0013376621147942,20.18384289125731,0.00250673890410543,-20.14080050591661,0.0014276175893865,-0.0004569834655554,2.909488934444536e-07,-0.03805540187514694,0.0019563823755934504
16.56402,0.00545,0.00209,-20.095137571049285,0.0013224210089061,20.100587571049285,0.0024732362048126796,-20.057499018372685,0.0014114931881936,-0.0004431595084701,2.80590123594276e-07,-0.03719539316813067,0.0019341950325248948
16.63526,0.00521,0.00209,-20.009745335541364,0.0013061705484934,20.014955335541366,0.0024645854624564248,-19.97289908498277,0.0013942273329107,-0.0004296580185578,2.697002270763027e-07,-0.03641659254003534,0.0019104846061471013
16.70651,0.00505,0.00207,-19.921743543953543,0.0012864095215642,19.926793543953544,0.00243716012136483,-19.88549073639341,0.0013734669114408,-0.0004162896069076,2.6001857297909695e-07,-0.03583651795322423,0.0018818238178967292
16.77775,0.00388,0.00207,-19.838223705285085,0.0012712191604719,19.842103705285083,0.002429176435327595,-19.802512082115072,0.0013572314904192,-0.0004041134883432,2.502980337956607e-07,-0.03530750968166933,0.0018595901524759457
16.84899,0.00571,0.00206,-19.7495315082862,0.0012547524256152,19.7552415082862,0.002412053823940757,-19.71461430579136,0.0013398414241513,-0.0003909385370557,2.415096366062501e-07,-0.03452626395778306,0.0018356412366761423
16.92024,0.0057,0.00206,-19.665995000737432,0.0012398184545674,19.671695000737433,0.002404318988879366,-19.63146313412569,0.0013240573103736,-0.0003795826149753,2.332291098091082e-07,-0.034152283996768264,0.0018139122403896739
16.99148,0.00507,0.00205,-19.584292899084836,0.0012216961673284,19.589362899084836,0.0023864286130670037,-19.550310088493788,0.0013047293264442,-0.0003685402428855,2.251659718633617e-07,-0.033614270348162965,0.0017874171844446814
17.06272,0.00555,0.00204,-19.50254817461131,0.0012061365032381,19.50809817461131,0.002369887183906321,-19.469527271204527,0.0012882925473561,-0.0003570479278594,2.170105872372248e-07,-0.032663855478923365,0.0017647841225232892
17.13397,0.00448,0.00203,-19.42006211948357,0.0011916394299668,19.424542119483572,0.0023539126005549995,-19.387469078099123,0.0012727116148798,-0.0003465934484729,2.098540448420781e-07,-0.03224644793597529,0.0017435020590008685
17.20521,0.00552,0.00201,-19.336204733700168,0.001174054841717,19.34172473370017,0.0023277681953663538,-19.30396552067505,0.0012542070146863,-0.0003361517203396,2.028205791060769e-07,-0.03190306130477852,0.0017179755668180027
17.27645,0.00509,0.002,-19.25897309044657,0.0011623184773734,19.26406309044657,0.0023132194541036566,-19.227527731927868,0.001241795431883,-0.0003263415668242,1.9618134849027807e-07,-0.03111901695187825,0.0017008939343698733
17.3477,0.00485,0.002,-19.17811455303112,0.0011465175558896,19.18296455303112,0.0023053204779299257,-19.14710101870976,0.0012249762898204,-0.0003165841697768,1.894959598414634e-07,-0.030696950151583427,0.0016778168709647467
17.41894,0.00368,0.00199,-19.09856219254406,0.0011301450979723,19.102242192544058,0.002288520907151783,-19.06791544632822,0.0012077261366151,-0.000307339486836,1.830994040355177e-07,-0.03033940672900063,0.0016540345815790692
17.49018,0.00523,0.00199,-19.019365408450568,0.0011195988269826,19.02459540845057,0.0022833312360191664,-18.989007424925564,0.0011965414653101,-0.0002988530757449,1.7768823910794274e-07,-0.03005913044925917,0.001638661967325893
17.56142,0.00557,0.00195,-18.94299294090992,0.0011049701206345,18.94856294090992,0.0022413074236915876,-18.91332670417669,0.0011807854835175,-0.0002900070567299,1.7256412143392058e-07,-0.029376229676501088,0.0016171621302018713
17.63267,0.00576,0.00197,-18.86441439200028,0.0010914789162809,18.87017439200028,0.0022521603461311828,-18.83511978174069,0.0011665339069349,-0.0002817720688968,1.6660681190035574e-07,-0.02901283819069377,0.001597537983420851
17.70391,0.00489,0.00193,-18.790470092343657,0.0010767861813595,18.795360092343657,0.002210060741329698,-18.76170199370458,0.0011508663523466,-0.0002737747241403,1.619091086597012e-07,-0.02849432391493651,0.0015760589670265836
17.77515,0.00645,0.00192,-18.71407635529695,0.0010674015941013,18.72052635529695,0.0021967581029985975,-18.68557145345605,0.0011411229641755,-0.0002663455837057,1.5709324698302619e-07,-0.028238556257194788,0.0015625324979458713
17.8464,0.00503,0.00189,-18.638828034058445,0.0010527374473814,18.643858034058447,0.002163413075008817,-18.611000057083743,0.0011252142856511,-0.000258400102294,1.5228369857393166e-07,-0.027569576872408297,0.0015408969287213034
17.91764,0.00447,0.00191,-18.562992260934905,0.0010379819698623,18.567462260934906,0.0021738230309202313,-18.53544956663227,0.0011097752642906,-0.0002511661325946,1.4795196504747821e-07,-0.02729152817004074,0.00151954194706177
17.98888,0.00518,0.00188,-18.48742874851929,0.0010279310928275,18.492608748519288,0.0021426717741178975,-18.460127145422785,0.0010991815655671,-0.0002441296593082,1.4366668753477593e-07,-0.027057473437195667,0.0015049393563609788
18.06013,0.00584,0.00189,-18.41608977243552,0.0010142752501405,18.42192977243552,0.0021449602054694566,-18.38953140269291,0.0010844168927333,-0.0002370698142735,1.3986595102705044e-07,-0.026321299928336,0.001484828037132719
18.13137,0.00668,0.00188,-18.341301165713173,0.0010025768139985,18.347981165713172,0.0021306243845331777,-18.31481076205032,0.0010720291701834,-0.000230646832166,1.3664465931882934e-07,-0.02625975683068549,0.0014677897766244507
18.20261,0.00546,0.00187,-18.269579166364675,0.0009910551922416,18.275039166364675,0.002116386163739745,-18.24355185380413,0.0010599040446226,-0.0002241898323548,1.328115812601134e-07,-0.025803122728188892,0.001451064090767633
18.27386,0.00764,0.00187,-18.19805709392437,0.0009801653209172,18.205697093924368,0.002111308612289714,-18.172517299923225,0.0010485041079539,-0.0002180925966835,1.2942875741703437e-07,-0.025321701404460644,0.001435299598507825
18.3451,0.0075,0.00184,-18.127805483348816,0.0009673568682865,18.135305483348816,0.002078792753167344,-18.102658140942744,0.0010347400653059,-0.0002119819557877,1.26194904913846e-07,-0.024935360450284272,0.001416497910092167
18.41634,0.00702,0.00183,-18.053780256355648,0.0009545331756351,18.06080025635565,0.002063984879641328,-18.028928163193303,0.0010210476117515,-0.0002058794422822,1.230855944145606e-07,-0.024646213720062402,0.0013977381099481883
18.48759,0.0079,0.00183,-17.986550591681187,0.0009455117786184,17.994450591681186,0.0020598282752467816,-17.96225101457022,0.0010113211405678,-0.0002004175441221,1.2021464680441386e-07,-0.024099159566844098,0.0013844720969803065
18.55883,0.00744,0.00181,-17.916782730242588,0.000934182700115,17.924222730242587,0.002036859670471717,-17.892782618097172,0.0009993212755275,-0.0001949220811983,1.1738277167989745e-07,-0.02380519006421734,0.0013679694231578338
18.63007,0.00625,0.00183,-17.848538641097136,0.0009221037433471,17.854788641097137,0.0020491889404090423,-17.824998128264784,0.0009863754008936,-0.0001896003745569,1.144222120805881e-07,-0.023350912457794467,0.0013502635883690219
18.70131,0.00689,0.00179,-17.781156674245423,0.0009128315216949,17.78804667424542,0.002009318637498748,-17.758161977847774,0.0009763960991775,-0.0001844611084457,1.1174101162651781e-07,-0.022810235289203805,0.0013366415906947227
18.77256,0.00834,0.00179,-17.715038656006243,0.000904818217431,17.723378656006243,0.0020056909050486845,-17.69237218135449,0.0009679379305346,-0.0001796908947161,1.0972314490044927e-07,-0.022486783757037433,0.0013249905116648137
18.8438,0.00701,0.00179,-17.646657658292614,0.0008930505022903,17.653667658292616,0.002000409757934848,-17.624393095824207,0.0009553471707031,-0.0001747155109706,1.0705483390002362e-07,-0.022089846957437088,0.001307756639314866
18.91504,0.00816,0.00178,-17.57650100103802,0.0008843565032112,17.58466100103802,0.001987583061100074,-17.554259985860007,0.0009461335394288,-0.0001700616274887,1.0503981477022399e-07,-0.02207095355052588,0.0012950888426040016
18.98629,0.00851,0.00177,-17.510421095062622,0.0008731194517687,17.518931095062623,0.0019736356241862063,-17.488622718399714,0.0009342899553559,-0.0001655454818469,1.0278752030229007e-07,-0.021632831181060616,0.0012787631947710565
19.05753,0.00906,0.00173,-17.446758642851385,0.0008669719940508,17.455818642851387,0.001935081506931535,-17.425352291145874,0.0009277344023764,-0.000161179138779,1.007179211960456e-07,-0.02124517256673264,0.0012697761889267007
19.12877,0.0088,0.00173,-17.382622027104865,0.0008554212784912,17.391422027104866,0.0019299340827332728,-17.361669866235726,0.0009153072302808,-0.0001568680197765,9.885984347877869e-08,-0.020795292849363146,0.0012528100012663922
19.20002,0.00944,0.00174,-17.317886591131767,0.000846857256234,17.32732659113177,0.00193514010150071,-17.29724479546552,0.0009062712928658,-0.0001528874111378,9.702207948377036e-08,-0.02048890825510922,0.0012403607854661123
19.27126,0.00932,0.00173,-17.252055577930875,0.0008380981600187,17.261375577930874,0.0019223185287112878,-17.23156409990394,0.0008969502399811,-0.000148851199293,9.534420603903673e-08,-0.020342626827640407,0.0012275700663992263
19.3425,0.00891,0.00173,-17.18900851830186,0.0008263085775118,17.19791851830186,0.0019172078304841064,-17.16897761360768,0.0008842817463317,-0.0001447600675375,9.358008295707509e-08,-0.019886144626643617,0.0012102644673468057
19.41375,0.00938,0.00171,-17.12717589359642,0.0008183197306316,17.13655589359642,0.001895718117638003,-17.10747723802415,0.0008757111419887,-0.0001412372155943,9.226484406902873e-08,-0.01955741835667594,0.0011985479524228176
19.48499,0.00769,0.00173,-17.063408623509357,0.0008075887347048,17.071098623509357,0.001909214384091556,-17.04397112817513,0.0008642135982893,-0.0001374564687864,9.028984004333849e-08,-0.019300038865440496,0.0011828206609805626
19.55623,0.00953,0.00173,-17.00171301298079,0.0007999845167002,17.011243012980792,0.001906010290360483,-16.98253885251712,0.0008560977410047,-0.0001341003017674,8.935172509830946e-08,-0.019040060161902975,0.0011716990130136381
19.62747,0.00826,0.00172,-16.939672034869815,0.0007901971486956,16.947932034869815,0.0018928316179223803,-16.921069626893715,0.0008456720485374,-0.0001304585156982,8.764779572636131e-08,-0.018471949460402266,0.0011573991339059464
19.69872,0.00911,0.00171,-16.87903614357798,0.0007808778862288,16.88814614357798,0.0018798591099338157,-16.860847654271602,0.0008358185381112,-0.0001271139105788,8.654456126277419e-08,-0.01806137539580004,0.0011438369242778724
19.76996,0.01017,0.00173,-16.81825815322653,0.0007742134452701,16.82842815322653,0.0018953380856293154,-16.800180969986783,0.0008288070698668,-0.0001237718455347,8.540411528537785e-08,-0.01795341139421213,0.0011341638440684186
19.8412,0.00911,0.0017,-16.757713313158785,0.0007655734275419,16.766823313158785,0.0018644309246947854,-16.739942658391016,0.000819477218605,-0.0001208252346825,8.418249538759599e-08,-0.0176498295330869,0.0011214479889221488
19.91245,0.00987,0.00169,-16.697446454465272,0.000757028132628,16.70731645446527,0.0018518076556678982,-16.6798263306503,0.0008103022080354,-0.000117769000771,8.311957682871475e-08,-0.017502354814200576,0.0011089099462292444
19.98369,0.01029,0.00168,-16.637668985074303,0.0007495250078785,16.647958985074304,0.00183961619296941,-16.62033308438791,0.0008023356429735,-0.0001146991710392,8.217456115003718e-08,-0.017221201515354813,0.0010979664057582197
20.05493,0.00974,0.0017,-16.577766799284124,0.0007399664898596,16.587506799284125,0.0018540632152424408,-16.560743800392203,0.0007921962381619,-0.000111806537682,8.112857475266163e-08,-0.01691119235423905,0.00108403196099324
20.12618,0.00981,0.00167,-16.518211950744107,0.000733595174325,16.528021950744108,0.0018240235414579843,-16.501281990541912,0.0007854156842772,-0.0001090883424457,7.997564548416072e-08,-0.016820871859748694,0.0010747277251925967
20.19742,0.0104,0.00168,-16.459536934985685,0.0007257711409672,16.469936934985686,0.0018300665968922637,-16.442767809632432,0.0007770787670772,-0.0001064512415158,7.897936751521559e-08,-0.016662674111737344,0.0010632944867442853
20.26866,0.00976,0.00166,-16.402675117365025,0.0007168450174686,16.412435117365025,0.001808166690067472,-16.386437471695892,0.00076745452666,-0.0001036950133022,7.816455900553463e-08,-0.01613395065583046,0.0010501681939909342
20.33991,0.01136,0.00167,-16.342470758912313,0.000710215049479,16.353830758912313,0.0018147466535322384,-16.32623067096626,0.0007605578833712,-0.0001010823583757,7.724863198067672e-08,-0.01613900558767633,0.0010406025737196164
20.41115,0.01151,0.00167,-16.28712099769353,0.0007037345505952,16.298630997693532,0.0018122202729528847,-16.271156376319784,0.000753695314826,-9.880070658779944e-05,7.64923376054308e-08,-0.015865820667159636,0.0010311638818069457
20.48239,0.01174,0.00167,-16.229220353156915,0.0006959128573605,16.240960353156915,0.0018091972543201739,-16.21336628547084,0.0007453348208348,-9.622737106369352e-05,7.567152852405465e-08,-0.015757840315010863,0.0010197150121061666
20.55364,0.01244,0.00165,-16.1744574540143,0.0006901658245052,16.1868974540143,0.001788527009948394,-16.15883245379643,0.000739068336218,-9.395479605583485e-05,7.504820049792895e-08,-0.015531045421814332,0.0010112125773284358
20.62488,0.01378,0.00164,-16.118490065270354,0.0006828385740647,16.132270065270355,0.0017764764333451522,-16.103284348996834,0.0007312952626663,-9.150028106845806e-05,7.443014758961606e-08,-0.01511421599245195,0.0010005305017683032
20.69612,0.01506,0.00165,-16.061963823736114,0.0006751337470078,16.077023823736113,0.001782780293908588,-16.046684501190622,0.0007232080878278,-8.931582828101369e-05,7.376664832313136e-08,-0.015190006717211121,0.000989361167668235
20.76736,0.01331,0.00164,-16.006609563348416,0.0006677789910319,16.019919563348417,0.0017707424377541704,-15.9915263463153,0.0007153048173214,-8.735117648163472e-05,7.297601724323517e-08,-0.014995865856634025,0.0009785651577040146
20.83861,0.01409,0.00165,-15.952862073105203,0.0006618718969754,15.966952073105203,0.0017778004409960682,-15.938043684065535,0.0007090201488225,-8.526894117165237e-05,7.232390934797026e-08,-0.014733120098496382,0.0009699401964414313
20.90985,0.01455,0.00164,-15.899166170082584,0.0006552376258266,15.913716170082584,0.00176605105993538,-15.88456635549876,0.0007019602736422,-8.315383289217122e-05,7.169901437314568e-08,-0.014516660750930919,0.0009602523507971539
20.98109,0.01438,0.00165,-15.844415303954388,0.0006494797029963,15.858795303954388,0.0017732241495660276,-15.829917494788928,0.0006957854834255,-8.121763005875749e-05,7.11538242963655e-08,-0.014416591535401639,0.0009518095022706411
21.05234,0.01536,0.00164,-15.789489242397936,0.0006431121949531,15.804849242397935,0.0017615882876817143,-15.775167061825025,0.0006889945964274,-7.92663745833983e-05,7.067019916202765e-08,-0.014242914198327837,0.0009425003205292968
21.12358,0.01566,0.00164,-15.7381601531855,0.000637216506825,15.7538201531855,0.0017594444795361562,-15.724196194588064,0.0006826717006717,-7.7424386229219e-05,7.017256237117464e-08,-0.01388653421120727,0.000933855198835684
21.19482,0.0154,0.00165,-15.68391403236514,0.0006310425478804,15.69931403236514,0.0017665544704976936,-15.670101790412362,0.0006761157374886,-7.542993454812308e-05,6.958161218689781e-08,-0.013736812018229403,0.0009248498216233493
21.26607,0.0158,0.00164,-15.631153168030998,0.0006241876686983,15.646953168030999,0.0017547678609306186,-15.617494510209124,0.0006687694708358,-7.378459059504449e-05,6.898563826070347e-08,-0.013584873231279654,0.0009148020855004829
21.33731,0.01766,0.00166,-15.578583426938794,0.0006193121284056,15.596243426938793,0.0017717639550431864,-15.565156151037115,0.0006636040594424,-7.203780333388497e-05,6.860537789835254e-08,-0.013355238098344586,0.0009076992149414941
