r,pmf,pmf_seom,direct,direct_seom,w_solv,w_solv_seom,elect,elect_seom,vdw,vdw_seom
0.03553,inf,,,,,,,,,
0.10658,inf,,,,,,,,,
0.17763,inf,,,,,,,,,
0.24868,inf,,,,,,,,,
0.31973,inf,,,,,,,,,
0.39078,inf,,,,,,,,,
0.46184,inf,,,,,,,,,
0.53289,inf,,,,,,,,,
0.60394,inf,,,,,,,,,
0.67499,inf,,,,,,,,,
0.74604,inf,,,,,,,,,
0.81709,inf,,,,,,,,,
0.88815,inf,,,,,,,,,
0.9592,inf,,,,,,,,,
1.03025,inf,,,,,,,,,
1.1013,inf,,,,,,,,,
1.17235,inf,,,,,,,,,
1.2434,inf,,,,,,,,,
1.31445,inf,,,,,,,,,
1.38551,inf,,,,,,,,,
1.45656,inf,,,,,,,,,
1.52761,inf,,,,,,,,,
1.59866,inf,,,,,,,,,
1.66971,inf,,,,,,,,,
1.74076,inf,,,,,,,,,
1.81182,inf,,,,,,,,,
1.88287,inf,,,,,,,,,
1.95392,inf,,,,,,,,,
2.02497,inf,,,,,,,,,
2.09602,inf,,,,,,,,,
2.16707,inf,,,,,,,,,
2.23813,inf,,,,,,,,,
2.30918,inf,,,,,,,,,
2.38023,inf,,,,,,,,,
2.45128,inf,,,,,,,,,
2.52233,inf,,,,,,,,,
2.59338,inf,,,,,,,,,
2.66444,inf,,,,,,,,,
2.73549,inf,,,,,,,,,
2.80654,inf,,,,,,,,,
2.87759,inf,,,,,,,,,
2.94864,4.61377,0.30048,-108.38334,2.2210982591051653,112.99711,2.241331235449146,-119.7415,1.982787462639402,11.358159999999998,1.0009152584509835
3.01969,3.21174,0.08189,-109.73081785714288,0.4633651186221596,112.94255785714289,0.47054564630408396,-117.85248035714288,0.385053098812777,8.1216625,0.257762185454744
3.09075,1.91097,0.02971,-109.35257424242423,0.17368139156179896,111.26354424242423,0.17620417099161678,-115.8165784090909,0.1436635353365384,6.464004166666667,0.0976013032159413
3.1618,1.00865,0.01747,-108.86770488766261,0.07683166478497229,109.87635488766261,0.0787928017881732,-113.90395376428854,0.0646942352334807,5.036248876625937,0.041445876045578
3.23285,0.22863,0.01069,-107.742476945594,0.0386549311839466,107.971106945594,0.040105857487848916,-111.85845399212675,0.0327789058058186,4.1159770465327545,0.0204877289861253
3.3039,-0.44755,0.00718,-106.55681609659808,0.020534389623625963,106.10926609659808,0.0217534723024826,-109.79133339913024,0.0179009548088849,3.234517302532153,0.0100606646969839
3.37495,-0.9662,0.00522,-105.35625615907244,0.012446655435672332,104.39005615907244,0.013496948971317615,-107.82359700046771,0.0111101566422557,2.467340841395269,0.0056110293992184
3.446,-1.33337,0.00429,-104.15734360780031,0.008699456874528281,102.82397360780031,0.009699724218336177,-105.9309831738432,0.0079141488607691,1.7736395660428876,0.0036120351218343
3.51706,-1.53394,0.00388,-102.87727915153513,0.007041431842835623,101.34333915153513,0.00803966183351635,-104.06556857178848,0.0064861024725427,1.1882894202533405,0.0027408460578761
3.58811,-1.58451,0.00371,-101.4393333117475,0.006541740896581345,99.85482331174751,0.0075205368131540246,-102.17315458857968,0.006066292535401,0.7338212768321748,0.0024483604377099
3.65916,-1.52074,0.00365,-99.8464384307305,0.006855948312203818,98.3256984307305,0.007767015337928102,-100.259749815957,0.0063986886539462,0.413311385226494,0.0024618713958025
3.73021,-1.37906,0.00375,-98.14409563513959,0.007808696230144088,96.7650356351396,0.00866246136006773,-98.34109392350832,0.0073419111139258,0.1969982883687331,0.0026593378893776
3.80126,-1.20198,0.00399,-96.33820875788294,0.00931432434572011,95.13622875788293,0.010132953074858007,-96.39767380974097,0.0088251443715758,0.0594650518580288,0.0029788361549636
3.87231,-1.01693,0.00435,-94.41196575900862,0.011309075160006043,93.39503575900862,0.012116834610353717,-94.3763906716898,0.0108142544992989,-0.0355750873188188,0.0033086372722103
3.94336,-0.84601,0.00474,-92.42843696389322,0.013555121663518787,91.58242696389321,0.014359976438448508,-92.31706421683953,0.0130689876793676,-0.1113727470536907,0.0035976220409229
4.01442,-0.69163,0.00522,-90.42200534382826,0.015656891967262082,89.73037534382826,0.016504140876595665,-90.23196422968918,0.0152048987625605,-0.1900411141390806,0.0037348788059055
4.08547,-0.56393,0.00564,-88.43095345553384,0.01736817859832714,87.86702345553384,0.01826097554413205,-88.13826514468495,0.0169519642394956,-0.2926883108488846,0.0037794888869067
4.15652,-0.44182,0.00605,-86.48204548781928,0.018962776064198893,86.04022548781927,0.019904506425956772,-86.07124042662049,0.0185807021267901,-0.4108050611987878,0.0037873981222539
4.22757,-0.34049,0.00642,-84.70121197543962,0.019876537457959666,84.36072197543962,0.02088763129983086,-84.18404647508973,0.0195203389992592,-0.5171655003498951,0.0037460788394899
4.29862,-0.24837,0.00676,-82.93737194674011,0.020792378236201566,82.68900194674012,0.021863682048485534,-82.33093238700131,0.0204519767719247,-0.6064395597388023,0.003746950605215
4.36967,-0.15827,0.00698,-81.20027491161,0.02194918374343738,81.04200491161,0.02303230485650917,-80.53439820345511,0.0215990743564452,-0.6658767081548765,0.0039046963963831
4.44073,-0.09081,0.00706,-79.62215521866618,0.022763555179552482,79.53134521866617,0.023833234031757643,-78.92523497099009,0.022361863535255,-0.6969202476760871,0.0042575231817529
4.51178,-0.03329,0.00732,-78.03448342546957,0.023716769327725977,78.00119342546958,0.024820708034714957,-77.31767816371388,0.0233069768411504,-0.7168052617556947,0.0043897582929636
4.58283,0.00029,0.00728,-76.58240864901794,0.024264712309624382,76.58269864901794,0.025333271866634935,-75.87093211272416,0.0238375905567606,-0.7114765362937661,0.0045327188217531
4.65388,0.02354,0.00736,-75.22007245822567,0.02457234450161006,75.24361245822567,0.025650920340327094,-74.5284562342808,0.0241133070012654,-0.6916162239448751,0.004727424221342
4.72493,0.02009,0.00731,-73.9169047214008,0.02460240160049608,73.9369947214008,0.025665429365434197,-73.24042985347376,0.0241680818485853,-0.6764748679270359,0.0046023889744538
4.79598,0.00806,0.0072,-72.70801458728353,0.024385648782213398,72.71607458728353,0.025426361645533673,-72.04873042914929,0.0239510901662624,-0.6592841581342433,0.0045831371763274
4.86704,-0.01556,0.00687,-71.50859845201238,0.02408824596625651,71.49303845201239,0.025048762319341708,-70.85391273477812,0.0237384091020251,-0.6546857172342622,0.0040904189315723
4.93809,-0.04028,0.00687,-70.36370741717488,0.023492482778825013,70.32342741717488,0.02447638958493245,-69.7247200648316,0.0231476042462115,-0.638987352343278,0.0040106314682555
5.00914,-0.06886,0.00674,-69.33219539314696,0.022695630241537434,69.26333539314696,0.02367528737017966,-68.70507180432958,0.0224050983218272,-0.6271235888173794,0.0036198344229874
5.08019,-0.09827,0.00649,-68.33169462016379,0.021902869382207067,68.23342462016379,0.02284416308762533,-67.713786296244,0.0216421873750329,-0.6179083239197967,0.0033691857767108
5.15124,-0.13112,0.00629,-67.38125960201806,0.02074245762661133,67.25013960201807,0.02167518508321824,-66.76678408288764,0.0205373760578755,-0.614475519130416,0.0029095932789943
5.22229,-0.15768,0.00611,-66.41958353275321,0.019829102784011256,66.26190353275321,0.02074910641976861,-65.81201225122875,0.0196463044122387,-0.607571281524454,0.0026862688176229
5.29335,-0.18502,0.0059,-65.43310675329052,0.018937994975622336,65.24808675329052,0.019835767030712395,-64.83135334294434,0.0187842250967725,-0.6017534103461833,0.0024084312758472
5.3644,-0.20631,0.00576,-64.57028038719206,0.018029058651121754,64.36397038719205,0.018926821070787036,-63.98194266497863,0.01789816603543,-0.5883377222134304,0.0021685498411999
5.43545,-0.22661,0.00566,-63.70572758946009,0.01720171891717121,63.47911758946009,0.018108968322501584,-63.13354843093117,0.017087588325044,-0.5721791585289151,0.0019782464303483
5.5065,-0.2462,0.00553,-62.843643247417845,0.016435893064316445,62.59744324741784,0.01734126526011425,-62.28518263488001,0.0163398275499811,-0.558460612537835,0.001774434123467
5.57755,-0.26618,0.0054,-62.03458727761931,0.01555326738854577,61.76840727761931,0.016464025220449627,-61.49747206898579,0.0154659170853891,-0.5371152086335167,0.0016460665744346
5.6486,-0.27328,0.00528,-61.225711844360404,0.015070172777536858,60.952431844360405,0.015968359575886715,-60.708219428037225,0.0149979162415728,-0.5174924163231774,0.0014739796320098
5.71966,-0.27775,0.00523,-60.431646795091524,0.014517680391590695,60.153896795091526,0.015431005928077954,-59.93376496332351,0.0144529822614026,-0.4978818317680125,0.0013690681882064
5.79071,-0.28175,0.00516,-59.63777108217631,0.014142297738279522,59.356021082176305,0.015054241439479643,-59.158311237627046,0.0140868782801088,-0.4794598445492593,0.0012507780136959
5.86176,-0.27548,0.0051,-58.82271551030571,0.013853821949391871,58.54723551030571,0.014762736284491842,-58.36326306196524,0.0138042749007791,-0.4594524483404745,0.0011706310559575
5.93281,-0.26854,0.00514,-58.04043278412695,0.01360422979636004,57.77189278412695,0.014542856265265441,-57.59952719283487,0.0135601115203642,-0.4409055912920803,0.0010947346287829
6.00386,-0.25767,0.00501,-57.23487704377823,0.013460695943621297,56.977207043778236,0.014362814323335898,-56.81400205182334,0.0134185990538429,-0.4208749919548959,0.0010637362073509
6.07491,-0.24448,0.00501,-56.425246198943185,0.01325105086659394,56.18076619894318,0.014166525652715983,-56.02530976202414,0.0132087470008876,-0.3999364369190419,0.0010579942039552
6.14596,-0.22054,0.00505,-55.63410081741018,0.013241048724660313,55.41356081741018,0.014171375068384454,-55.251301305240574,0.0132009752878403,-0.3827995121696028,0.0010293798029193
6.21702,-0.19936,0.00505,-54.833802931785975,0.013207202447877195,54.634442931785976,0.014139755885418015,-54.46639691056265,0.0131681288404482,-0.3674060212233218,0.0010151745369983
6.28807,-0.17746,0.00502,-54.04299702764079,0.013211961110709226,53.865537027640784,0.014133517481182559,-53.69268927961945,0.0131715324736378,-0.3503077480213385,0.0010327868544854
6.35912,-0.15209,0.00505,-53.28554184939866,0.01317131197337516,53.13345184939866,0.01410623830438065,-52.95090519740541,0.013135009556375,-0.334636651993253,0.0009772323438739
6.43017,-0.13152,0.00506,-52.54390627334972,0.013097751027112267,52.41238627334972,0.014041178083345445,-52.22151228282155,0.0130621529691178,-0.3223939905281724,0.0009650086940476
6.50122,-0.10791,0.00507,-51.84362301601889,0.013025148457389682,51.73571301601889,0.01397710242994022,-51.53595641815945,0.0129904599701164,-0.3076665978594353,0.0009499695267977
6.57227,-0.09061,0.00501,-51.12547965785426,0.012872458939200377,51.03486965785426,0.013813048148088087,-50.828619212580485,0.0128404031629124,-0.2968604452737736,0.0009078798132291
6.64333,-0.07889,0.00501,-50.50579841870253,0.012649528849817923,50.42690841870253,0.013605538582591134,-50.221821951878496,0.0126170161915022,-0.283976466824038,0.0009063567430914
6.71438,-0.06289,0.00508,-49.90447366238076,0.01246032675127644,49.841583662380756,0.013456081998433842,-49.63481455112345,0.0124281946297847,-0.269659111257312,0.0008942712076132
6.78543,-0.05271,0.00508,-49.32051722895,0.012185742229346562,49.267807228950005,0.013202223815709235,-49.06434160279243,0.01215543482677,-0.2561756261575723,0.0008589050309709
6.85648,-0.04395,0.00504,-48.736521942929976,0.01194461143127887,48.69257194292997,0.012964387461204553,-48.49433782057637,0.0119142480365548,-0.2421841223536076,0.0008511380426746
6.92753,-0.0417,0.00496,-48.23027707808214,0.01165190633728672,48.18857707808214,0.012663669345529455,-47.99972420866466,0.0116242145013122,-0.2305528694174825,0.00080284401996
6.99858,-0.04095,0.00488,-47.69857541668943,0.011349276192517478,47.65762541668943,0.012353965763836485,-47.48158457839226,0.0113231708218875,-0.2169908382971747,0.0007693325889364
7.06964,-0.039,0.00492,-47.22091374192421,0.011063697803805785,47.181913741924205,0.012108336347076627,-47.01634368913781,0.011041318101736,-0.2045700527863964,0.0007033517400376
7.14069,-0.04895,0.0048,-46.739036465333065,0.010699843561197329,46.69008646533307,0.011727175799573226,-46.545591799054826,0.0106798117656032,-0.1934446662782417,0.0006544256148558
7.21174,-0.05545,0.00475,-46.27291865608877,0.010320121282533196,46.21746865608877,0.011360783568319337,-46.09205671516262,0.0103005058175426,-0.1808619409261514,0.0006359899283524
7.28279,-0.05993,0.00471,-45.80832464478137,0.01001827329148981,45.74839464478137,0.011070225821679432,-45.63744896946891,0.0100017935390596,-0.170875675312458,0.0005743916303392
7.35384,-0.0663,0.00467,-45.392708621588945,0.009698509359494711,45.326408621588946,0.010764292071297884,-45.232729282344295,0.009683659660564,-0.1599793392446478,0.0005364880003989
7.42489,-0.0766,0.00461,-44.96532025371429,0.009337361234808,44.88872025371429,0.010413376725601315,-44.81325542514286,0.0093249465521113,-0.1520648285714285,0.0004813383732498
7.49595,-0.07818,0.00453,-44.5365047816606,0.009094736541615467,44.45832478166059,0.010160469121128004,-44.392733589041086,0.009084075109375,-0.1437711926195135,0.0004402410346949
7.567,-0.0857,0.00452,-44.118590789901404,0.00878965567468947,44.0328907899014,0.0098837466013451,-43.98403131108463,0.0087801352669477,-0.1345594788167732,0.000408988476246
7.63805,-0.09325,0.00443,-43.72302128644778,0.008494207810509457,43.629771286447784,0.009580003461801037,-43.595275483782906,0.008486034542569,-0.1277458026648746,0.0003725373410084
7.7091,-0.10053,0.00438,-43.316234104770146,0.008196780036415038,43.21570410477015,0.009293632388112419,-43.19563416993331,0.0081898970176532,-0.1205999348368375,0.0003358419354508
7.78015,-0.09788,0.00433,-42.921014672570635,0.008005122960175401,42.82313467257063,0.009101147928010365,-42.806842217402654,0.0079991570968393,-0.114172455167982,0.0003089973262228
7.8512,-0.10667,0.0043,-42.51825148291706,0.00773851710607713,42.41158148291706,0.008852945668027584,-42.410906900203024,0.0077332961886762,-0.1073445827140345,0.0002842130525759
7.92226,-0.10784,0.00422,-42.15431738865452,0.007528531163777757,42.046477388654516,0.008630595662176097,-42.05315585414861,0.0075240629929129,-0.1011615345059089,0.0002593406305449
7.99331,-0.10739,0.00419,-41.772339183383096,0.007325782120130757,41.664949183383094,0.008439382896375037,-41.67670123934064,0.0073218415593798,-0.0956379440424595,0.0002402495597629
8.06436,-0.10573,0.00418,-41.40498136360702,0.007159714231799625,41.29925136360702,0.008290591527812361,-41.31437548440051,0.0071562238774936,-0.0906058792065146,0.0002235345526413
8.13541,-0.10551,0.00413,-41.03221346926194,0.006986747657420246,40.92670346926194,0.008116128561602957,-40.94646201281923,0.0069836708329106,-0.0857514564427078,0.0002073270990996
8.20646,-0.10326,0.0041,-40.66611553486625,0.006828605821455582,40.56285553486625,0.007964914153009879,-40.58541475230966,0.0068259934489908,-0.08070078255659,0.0001888674115663
8.27751,-0.0994,0.00415,-40.31167214977085,0.00669647351917145,40.21227214977085,0.007878150645485554,-40.23523013642879,0.0066941835704658,-0.0764420133420629,0.0001751111586114
8.34856,-0.09244,0.00407,-39.933214724390744,0.006588083405737337,39.84077472439074,0.00774388422956798,-39.86041816037529,0.0065860248472613,-0.0727965640154548,0.0001646805155701
8.41962,-0.08568,0.00403,-39.59121336169169,0.00645696450615531,39.50553336169169,0.0076113921613427254,-39.52240224503728,0.006455176470768,-0.068811116654413,0.0001519452697279
8.49067,-0.08165,0.00401,-39.24678543304016,0.006319101039947214,39.165135433040156,0.0074840589223403335,-39.18167785797842,0.0063175796560724,-0.065107575061739,0.0001386551197832
8.56172,-0.07832,0.00398,-38.89167723852455,0.006202415123550073,38.81335723852455,0.007369555845832412,-38.82965956000822,0.0062010569668244,-0.0620176785163347,0.0001297915985002
8.63277,-0.07347,0.00394,-38.555250891923826,0.006064273790128696,38.481780891923826,0.007231805901822992,-38.49675319248388,0.0060631385979718,-0.0584976994399449,0.0001173326187657
8.70382,-0.06628,0.0039,-38.23259917230173,0.005979397831214482,38.16631917230173,0.0071388513378506805,-38.177033415144,0.0059783867503404,-0.0555657571577281,0.0001099558424405
8.77487,-0.06141,0.00388,-37.89219106852029,0.005859848211504493,37.83078106852029,0.007027959950218299,-37.83915717187998,0.005858940198755,-0.0530338966403062,0.0001031542984326
8.84593,-0.0545,0.00385,-37.580642022081264,0.005752510588110478,37.52614202208127,0.006921985124682309,-37.5303439301624,0.0057517108974891,-0.0502980919188626,9.591568186844116e-05
8.91698,-0.04794,0.00386,-37.27194743128041,0.005650044942527699,37.22400743128041,0.006842704717623202,-37.22411273672392,0.0056493384829401,-0.0478346945564935,8.934516078045955e-05
8.98803,-0.04785,0.00381,-36.96415715934862,0.005520765221848164,36.91630715934863,0.006707827415398238,-36.91845822860465,0.0055201202642583,-0.0456989307439762,8.438544242397975e-05
9.05908,-0.04464,0.00378,-36.66611271149358,0.005419042466073245,36.62147271149358,0.006607149252824942,-36.62290529382212,0.0054184829453592,-0.0432074176714637,7.787053330163488e-05
9.13013,-0.04595,0.00379,-36.37469043422887,0.005277823980746066,36.32874043422887,0.006497655421129859,-36.333374605373145,0.0052772997684494,-0.0413158288557213,7.438498277316612e-05
9.20118,-0.03928,0.00376,-36.082245472918345,0.005194230372784686,36.04296547291835,0.006412302953351388,-36.04302757382661,0.0051937688838083,-0.0392178990917304,6.923833579478043e-05
9.27224,-0.03804,0.00376,-35.81320717134902,0.005077297807404566,35.77516717134902,0.006317954813472095,-35.776012866818924,0.0050768883650723,-0.0371943045300963,6.447909481925509e-05
9.34329,-0.04174,0.00373,-35.545374738397236,0.004966304193532882,35.50363473839724,0.006211044786724879,-35.50992835414163,0.0049659310161448,-0.035446384255609,6.088091321065364e-05
9.41434,-0.04077,0.00372,-35.269195993626056,0.004846177083245989,35.228425993626054,0.006109323393157266,-35.235553893848085,0.0048458445150073,-0.033642099777969,5.677374879529882e-05
9.48539,-0.03891,0.00366,-35.00068356231856,0.004756112460363971,34.961773562318555,0.006001350326020755,-34.96867272774763,0.0047558104496801,-0.0320108345709232,5.359759642920656e-05
9.55644,-0.04259,0.00367,-34.755771330761256,0.0046260358263357105,34.71318133076126,0.005905006982768227,-34.72545987914128,0.0046257693888879,-0.0303114516199745,4.964904197650417e-05
9.62749,-0.04147,0.00363,-34.49832824478137,0.004539425725352079,34.45685824478137,0.005812339108826003,-34.469451776569194,0.0045391845077538,-0.0288764682121784,4.679658701383071e-05
9.69855,-0.04344,0.00363,-34.25158987793733,0.004426407291798156,34.20814987793733,0.005724507097810596,-34.22410588139447,0.0044261913623089,-0.0274839965428565,4.372112882768413e-05
9.7696,-0.04456,0.00359,-34.003570095815476,0.004332986564559653,33.95901009581548,0.005626977214158101,-33.97743363436814,0.0043327933909012,-0.0261364614473363,4.091455019117605e-05
9.84065,-0.04379,0.00355,-33.75923699412028,0.004248526633204371,33.71544699412028,0.005536468057620026,-33.73428900663618,0.0042483515327038,-0.0249479874840972,3.857210935552656e-05
9.9117,-0.04776,0.00355,-33.516176520573964,0.004148830655715912,33.46841652057397,0.005460338433632857,-33.492393725128444,0.0041486739801824,-0.0237827954455165,3.605573415772754e-05
9.98275,-0.04332,0.00349,-33.27647657094324,0.004086128956096192,33.23315657094324,0.005373690523825108,-33.25381510553208,0.0040859882009233,-0.0226614654111604,3.39155976407898e-05
10.0538,-0.04509,0.00351,-33.032339082900535,0.00398851826519514,32.98724908290053,0.005313038485819131,-33.010739403063575,0.0039883912409257,-0.0215996798369601,3.183176247711177e-05
10.12486,-0.04407,0.00347,-32.807166920759435,0.0039075013574336745,32.76309692075944,0.005225846042350081,-32.7865938920344,0.0039073885136711,-0.0205730287250344,2.9696154248644814e-05
10.19591,-0.04444,0.00342,-32.58377751463767,0.0038233911158291204,32.539337514637666,0.005129787483375997,-32.56412814653656,0.0038232892616786,-0.0196493681011038,2.79078149297349e-05
10.26696,-0.04359,0.00338,-32.356996193756316,0.0037510902474896368,32.313406193756315,0.005049265099478523,-32.338232391936295,0.0037509991892189,-0.0187638018200202,2.6136703905031636e-05
10.33801,-0.04391,0.00339,-32.13178351783901,0.003673227371613152,32.087873517839014,0.004998469698174439,-32.113876409023234,0.003673145580346,-0.0179071088157788,2.4512632512905528e-05
10.40906,-0.04169,0.00337,-31.919446629740193,0.0036092739378699775,31.877756629740194,0.004937991328322424,-31.902323042239267,0.0036092003584731,-0.0171235875009252,2.3046279202962138e-05
10.48011,-0.03945,0.00337,-31.699544267251387,0.003548076610258499,31.660094267251388,0.004893439243749067,-31.683176226744685,0.0035480102775502,-0.0163680405067002,2.169568301738754e-05
10.55117,-0.03693,0.00332,-31.47744688742442,0.0034753224318201646,31.44051688742442,0.0048062736090564405,-31.46180460940761,0.0034752631181351,-0.0156422780168109,2.030430600450712e-05
10.62222,-0.03736,0.00329,-31.266180081861098,0.0034110555730135837,31.228820081861098,0.004739134955051082,-31.251234233685967,0.0034110032497007,-0.0149458481751302,1.8893192379590543e-05
10.69327,-0.03542,0.00327,-31.060312213433825,0.0033389821994893164,31.024892213433827,0.004673510685609536,-31.046015472357915,0.003338934801539,-0.0142967410759116,1.7790997111775567e-05
10.76432,-0.03296,0.00325,-30.85524180670916,0.003280493979005231,30.82228180670916,0.004617806919554949,-30.84158874743182,0.0032804519529126,-0.0136530592773397,1.6605147439285117e-05
10.83537,-0.03041,0.00323,-30.6508667697449,0.0032227496831410915,30.6204567697449,0.004562785938457556,-30.63779224070411,0.0032227117632509,-0.0130745290407922,1.563365569142648e-05
10.90642,-0.03214,0.0032,-30.452851601299542,0.00315394966976298,30.420711601299544,0.004493038895825186,-30.440304468450776,0.0031539152905736,-0.0125471328487658,1.4726142877703916e-05
10.97747,-0.02677,0.00317,-30.25095539011893,0.0031104860767139616,30.22418539011893,0.004441173677467637,-30.238928893084843,0.0031104553345536,-0.0120264970340838,1.382914236192252e-05
11.04853,-0.03218,0.00314,-30.058831715105924,0.0030319871106686907,30.026651715105924,0.004364922203116692,-30.04733300416147,0.0030319596522032,-0.0114987109444543,1.2903746468474029e-05
11.11958,-0.03016,0.00316,-29.872063203231775,0.002984930254322507,29.841903203231777,0.004346884933279213,-29.861033081654245,0.0029849055797747,-0.0110301215775318,1.2136844717136304e-05
11.19063,-0.02952,0.00314,-29.680741577055073,0.0029297330338665583,29.651221577055072,0.004294523914210858,-29.67017627662472,0.0029297109321371,-0.0105653004303535,1.1379975628850627e-05
11.26168,-0.02696,0.00316,-29.49559709088748,0.0028709076727501163,29.46863709088748,0.004269392329764915,-29.485446233550142,0.0028708874118205,-0.0101508573373382,1.0785828947182412e-05
11.33273,-0.02809,0.00312,-29.31266313222476,0.0028206938185982313,29.28457313222476,0.004206033002518914,-29.302935525986506,0.002820675553468,-0.0097276062382526,1.0150879088205284e-05
11.40378,-0.02762,0.00311,-29.131932240885746,0.0027718597574181076,29.104312240885747,0.004165970056876786,-29.122599035425612,0.0027718434733957,-0.009333205460133,9.50125189802998e-06
11.47484,-0.02734,0.00307,-28.944412678751572,0.0027197370200020563,28.917072678751573,0.004101447239447274,-28.93542473973771,0.002719722007724,-0.0089879390138633,9.03651876553829e-06
11.54589,-0.02636,0.00306,-28.76908900270097,0.0026692671424650297,28.74272900270097,0.004060614125701114,-28.76046407048232,0.0026692534808281,-0.0086249322186495,8.540077897680723e-06
11.61694,-0.02875,0.00303,-28.59748202377999,0.0026118113446297474,28.56873202377999,0.004000307300687867,-28.589187417557103,0.0026117988630701,-0.0082946062228881,8.074577535775911e-06
11.68799,-0.0259,0.003,-28.421706901194746,0.0025751406019597885,28.395806901194746,0.0039536501008386946,-28.41372049508134,0.0025751292573077,-0.0079864061134054,7.643822323521525e-06
11.75904,-0.02857,0.003,-28.251772636036605,0.0025217684624626096,28.223202636036607,0.003919096347153389,-28.244106882375032,0.0025217582058246,-0.0076657536615737,7.192331147167666e-06
11.83009,-0.02832,0.00292,-28.08103770611909,0.0024791306806882527,28.05271770611909,0.003830468500318179,-28.07365408526101,0.0024791212392832,-0.0073836208580806,6.841992745530395e-06
11.90115,-0.02719,0.00294,-27.911255060613236,0.0024322587447448266,27.884065060613235,0.0038156890074254844,-27.90415131115119,0.0024322500842107,-0.0071037494620484,6.490704485757506e-06
11.9722,-0.02602,0.00292,-27.746852130282615,0.0023974537936597034,27.720832130282616,0.0037781192004399887,-27.740010601860494,0.0023974459220368,-0.006841528422121,6.1435854695069006e-06
12.04325,-0.0228,0.00291,-27.586801965224428,0.002358370481526505,27.564001965224428,0.003745665672231781,-27.580206248662023,0.0023583631823804,-0.0065957165624033,5.867548734482431e-06
12.1143,-0.0222,0.00284,-27.41863351059824,0.0023231721755120785,27.39643351059824,0.0036691591621342244,-27.41227955084522,0.0023231654642726,-0.0063539597530213,5.584145825345996e-06
12.18535,-0.02163,0.00284,-27.265353517067332,0.0022817486605766837,27.243723517067334,0.003643072460169231,-27.25922718387834,0.0022817424880023,-0.0061263331889908,5.307399416430741e-06
12.2564,-0.0207,0.00282,-27.10802344779903,0.002245863803681587,27.08732344779903,0.0036050387272104478,-27.102122265038027,0.0022458580747873,-0.0059011827610048,5.072731000774852e-06
12.32746,-0.0184,0.00283,-26.94703672396758,0.002209817980099218,26.928636723967582,0.0035905703593119838,-26.941342356320792,0.0022098127079325,-0.0056943676467897,4.827114025897189e-06
12.39851,-0.02152,0.0028,-26.794343485262182,0.0021639508543144902,26.772823485262183,0.0035387403549693233,-26.78885904533577,0.0021639460003212,-0.005484439926412,4.583402916317872e-06
12.46956,-0.02014,0.00279,-26.644388428005996,0.0021355886082546297,26.624248428005995,0.003513522264581078,-26.639095836899163,0.0021355841247291,-0.0052925911068321,4.376061241519123e-06
12.54061,-0.02052,0.00278,-26.490128301130582,0.002095619807301521,26.46960830113058,0.0034813822508817475,-26.48501291075573,0.0020956156276133,-0.0051153903748497,4.185457845848193e-06
12.61166,-0.01816,0.00275,-26.336980312344238,0.002064004123132403,26.318820312344236,0.003438402684431764,-26.33204830842682,0.0020640002461559,-0.0049320039174193,4.000521958905251e-06
12.68271,-0.02003,0.00275,-26.187255028463824,0.002025476821246384,26.167225028463825,0.0034154145214609537,-26.18248751556784,0.0020254732255306,-0.0047675128959831,3.816551456715437e-06
12.75377,-0.01851,0.00273,-26.043275750144197,0.0019905743205221186,26.024765750144198,0.0033786515247243376,-26.038677803934974,0.0019905710027701,-0.0045979462092243,3.634343535141842e-06
12.82482,-0.01775,0.00271,-25.896765684814433,0.0019562891399177657,25.879015684814433,0.0033423296065708706,-25.89232749327286,0.0019562860577002,-0.0044381915415728,3.472665835112235e-06
12.89587,-0.01703,0.00273,-25.75442503351487,0.0019273013017913686,25.737395033514872,0.0033417645500374055,-25.750135098449935,0.0019272984295802,-0.004289935064935,3.327344947318784e-06
12.96692,-0.0173,0.00269,-25.61282769445515,0.001898056905911035,25.59552769445515,0.003292221137480982,-25.60868806325617,0.0018980542756837,-0.0041396311989761,3.1598473692206483e-06
13.03797,-0.01655,0.00263,-25.47226077061601,0.0018679401068431056,25.45571077061601,0.0032258487631556805,-25.46825606307352,0.0018679376575391,-0.0040047075424872,3.02494634203839e-06
13.10902,-0.0157,0.00266,-25.33216651441761,0.0018395625382495082,25.316466514417613,0.003234128991263486,-25.328297356636654,0.0018395602678416,-0.0038691577809564,2.89017465105602e-06
13.18007,-0.01366,0.00263,-25.1928382665306,0.0018117921254416985,25.1791782665306,0.0031936641504410803,-25.189098549526257,0.0018117900230803,-0.0037397170043441,2.760086816308928e-06
13.25113,-0.01502,0.00263,-25.058708718363185,0.0017813149107986108,25.043688718363185,0.0031764733292495096,-25.055092539345704,0.0017813129514641,-0.0036161790174821,2.6420408247771554e-06
13.32218,-0.01271,0.00263,-24.923655695536805,0.0017575923236345377,24.910945695536807,0.0031632310658722125,-24.920161909676494,0.0017575905111852,-0.0034937858603113,2.5241019792353936e-06
13.39323,-0.01216,0.00261,-24.792341813660215,0.00173072827208038,24.780181813660214,0.0031316960822816665,-24.788960760946186,0.0017307265811993,-0.0033810527140283,2.4192785124922683e-06
13.46428,-0.01317,0.00261,-24.65235097926201,0.0017020958407799563,24.63918097926201,0.003115963775656005,-24.649077856648272,0.0017020942663121,-0.0032731226137379,2.3151215735896424e-06
13.53533,-0.01175,0.00259,-24.528723955859277,0.0016763034315310534,24.516973955859278,0.003085140709037885,-24.52556471849928,0.0016763019835077,-0.0031592373599978,2.203327241933649e-06
13.60638,-0.01386,0.00255,-24.400512701001126,0.0016513107460432482,24.386652701001125,0.0030379807734740374,-24.39745405142602,0.0016513094042003,-0.0030586495751072,2.105135995419449e-06
13.67744,-0.01134,0.00255,-24.273927916176273,0.0016275068091652029,24.262587916176273,0.0030251080003661193,-24.27096745607076,0.0016275055593358,-0.0029604601055129,2.0169804572011187e-06
13.74849,-0.01147,0.00253,-24.14882283650894,0.0016051553505168619,24.137352836508942,0.0029962349205783097,-24.14595841602577,0.0016051541904026,-0.0028644204831694,1.929851259385377e-06
13.81954,-0.01019,0.00252,-24.02624889335868,0.0015803846436011908,24.01605889335868,0.0029745614167017063,-24.0234774796553,0.0015803835628841,-0.0027714137033824,1.8482143329329156e-06
13.89059,-0.00977,0.00251,-23.902717806120958,0.0015594179452895272,23.892947806120958,0.002954976197550669,-23.90003434228227,0.0015594169508327,-0.0026834638386851,1.7611208521080943e-06
13.96164,-0.0106,0.00248,-23.779582533413787,0.0015352997133863283,23.768982533413787,0.002916769653216404,-23.776981777877342,0.0015352987806666,-0.0026007555364453,1.6923379667083512e-06
14.03269,-0.00985,0.00247,-23.66000696836534,0.0015140808773503023,23.65015696836534,0.0028971263181224705,-23.65749207503788,0.0015140800184002,-0.0025148933274598,1.6127737320677703e-06
14.10375,-0.00895,0.00246,-23.540045552221844,0.001491038936826793,23.531095552221846,0.0028765947074854974,-23.537609998402186,0.0014910381386755,-0.0024355538196601,1.542773046764039e-06
14.1748,-0.00941,0.00246,-23.418309887952226,0.0014705235266942304,23.408899887952227,0.0028660145572835523,-23.415948318932205,0.0014705227821708,-0.002361569020021,1.4797560227784935e-06
14.24585,-0.00961,0.00241,-23.303153006125584,0.0014453467869532067,23.293543006125585,0.002810182793797577,-23.30086464751813,0.001445346096843,-0.0022883586074549,1.4124081080540492e-06
14.3169,-0.01105,0.00243,-23.18639654425273,0.0014246670787413204,23.17534654425273,0.0028168379941433137,-23.184181017083016,0.0014246664382638,-0.0022155271697141,1.3509012051722758e-06
14.38795,-0.01012,0.0024,-23.073107599531465,0.0014029701467025407,23.062987599531464,0.0027799865525823227,-23.070958008145038,0.0014029695495429,-0.0021495913864258,1.2944473497317852e-06
14.459,-0.01172,0.00239,-22.95961504389962,0.001383303468967847,22.94789504389962,0.0027614540530775593,-22.957531538453782,0.0013833029157592,-0.0020835054458392,1.237138058293017e-06
14.53006,-0.00979,0.0024,-22.846417650222662,0.001363143112238459,22.836627650222663,0.002760101292424456,-22.844399903788016,0.0013631425983553,-0.0020177464346443,1.1836352112123365e-06
14.60111,-0.00995,0.00237,-22.737410473815466,0.0013416782745136408,22.727460473815466,0.0027234170801223047,-22.735452689893307,0.0013416777933491,-0.0019577839221574,1.136281563000627e-06
14.67216,-0.00718,0.00237,-22.625308566868508,0.0013263888671869344,22.618128566868506,0.0027159174190312637,-22.62340932078453,0.001326388417341,-0.0018992460839805,1.0924015178154742e-06
14.74321,-0.00835,0.00231,-22.51702860144614,0.0013069871033535051,22.50867860144614,0.0026541129004494864,-22.51518406350528,0.0013069866806105,-0.0018445379408598,1.0512084154895411e-06
14.81426,-0.00946,0.00233,-22.409743397870624,0.0012853089955186245,22.400283397870624,0.002660999664404544,-22.40795464543078,0.0012853086023434,-0.0017887524398439,1.0053373319992906e-06
14.88531,-0.0083,0.00231,-22.30578284267264,0.0012686056749227166,22.297482842672643,0.002635424132553643,-22.304048314839815,0.0012686053064622,-0.0017345278328275,9.668826553796189e-07
14.95637,-0.0093,0.00233,-22.199124812238875,0.0012498692709070594,22.189824812238875,0.0026440637651837643,-22.197441042374063,0.0012498689276368,-0.0016837698648119,9.26329196256947e-07
15.02742,-0.01033,0.00228,-22.09587401099621,0.0012288637419448946,22.08554401099621,0.0025900783957762373,-22.09423871577725,0.0012288634188238,-0.0016352952189569,8.91147288893391e-07
15.09847,-0.01016,0.00228,-21.990610088117986,0.0012140147818370107,21.980450088117987,0.0025830663736185265,-21.98902242803698,0.0012140144800099,-0.0015876600810067,8.560636992536508e-07
15.16952,-0.00787,0.00227,-21.891291757427418,0.0011949609327734027,21.883421757427417,0.0025653131642851485,-21.889751313289096,0.0011949606493707,-0.0015404441383212,8.229885999917239e-07
15.24057,-0.00848,0.00224,-21.786747510042602,0.0011802852102368304,21.778267510042603,0.0025319307213081082,-21.78524977145465,0.0011802849443037,-0.0014977385879488,7.923091633682266e-07
15.31162,-0.00803,0.00223,-21.688455427448947,0.0011646970343596606,21.680425427448945,0.002515833695188573,-21.68700155850191,0.0011646967845958,-0.001453868947038,7.627570998814809e-07
15.38267,-0.00999,0.00224,-21.587703542375603,0.0011467388657090904,21.577713542375605,0.0025164677677506166,-21.586290764137612,0.0011467386311703,-0.0014127782379899,7.334230957481346e-07
15.45373,-0.00908,0.00223,-21.48928510326883,0.001131857974707729,21.48020510326883,0.002500800366864473,-21.487912484809065,0.0011318577550347,-0.0013726184597643,7.051789074906231e-07
15.52478,-0.01059,0.00221,-21.39382382085121,0.0011167925582682354,21.38323382085121,0.0024761513722313727,-21.392489705022854,0.0011167923528655,-0.0013341158283556,6.77336290600234e-07
15.59583,-0.01048,0.00221,-21.295640226605922,0.001104564749997782,21.28516022660592,0.002470660496089591,-21.294344130808152,0.0011045645581809,-0.0012960957977692,6.509595190092722e-07
15.66688,-0.01042,0.00219,-21.199698205335764,0.0010891220866595687,21.189278205335764,0.002445871402925692,-21.198436294012616,0.0010891219055607,-0.0012619113231486,6.280744563953646e-07
15.73793,-0.00754,0.00218,-21.104993102295044,0.0010784173985665926,21.097453102295045,0.002432156262564381,-21.103766199787906,0.0010784172280918,-0.0012269025071389,6.063711205804558e-07
15.80898,-0.00853,0.00215,-21.01196743561898,0.0010655087139851316,21.00343743561898,0.002399543460656266,-21.010776792855165,0.0010655085555419,-0.0011906427638165,5.810725109973884e-07
15.88004,-0.00845,0.00217,-20.919432630950446,0.0010521313628062332,20.910982630950446,0.0024116136516035276,-20.91827357444399,0.0010521312138112,-0.0011590565064557,5.599327393449801e-07
15.95109,-0.00801,0.00215,-20.8272284601761,0.001041807558440364,20.819218460176103,0.002389113431552272,-20.826101899235688,0.0010418074182838,-0.0011265609404149,5.404001437015865e-07
16.02214,-0.00848,0.00213,-20.736905075518717,0.0010312149070282777,20.728425075518718,0.002366496183068407,-20.735807541132573,0.0010312147763716,-0.0010975343861436,5.191052019452048e-07
16.09319,-0.0085,0.0021,-20.648618908967837,0.0010217888639679768,20.640118908967835,0.002335391291096412,-20.647551811063163,0.0010217887413613,-0.0010670979046745,5.005559498910793e-07
16.16424,-0.00721,0.00209,-20.559368592932806,0.0010125722628569617,20.552158592932805,0.0023223700367312845,-20.558330185098324,0.0010125721475635,-0.0010384078344824,4.832037968478026e-07
16.23529,-0.00663,0.00209,-20.47021393206678,0.0010017887797230582,20.46358393206678,0.0023176886674398296,-20.469203990121542,0.0010017886713134,-0.001009941945238,4.660548753726493e-07
16.30635,-0.00646,0.00208,-20.3832637555552,0.000994691832358193,20.376803755555198,0.0023056044416508437,-20.38227993779243,0.0009946917302972,-0.0009838177627682,4.505978939191523e-07
16.3774,-0.00512,0.00209,-20.297637950363885,0.0009874739241306362,20.292517950363884,0.0023115373133129296,-20.29668058763973,0.0009874738280253,-0.0009573627241549,4.3566388140049086e-07
16.44845,-0.00335,0.00207,-20.211940873082806,0.0009845992382560796,20.208590873082805,0.0022922337707953024,-20.21100812338587,0.0009845991489146,-0.0009327496969377,4.194414118375361e-07
16.5195,-0.00323,0.00208,-20.13046066483732,0.0009843228284483227,20.12723066483732,0.0023011500234892345,-20.129553338821378,0.0009843227454745,-0.0009073260159414,4.041609194131881e-07
16.59055,-0.00385,0.00205,-20.046239645867896,0.0009808944367235748,20.042389645867896,0.002272587489183917,-20.045355909233265,0.0009808943590153,-0.000883736634632,3.9044490329361163e-07
16.6616,-0.00262,0.00204,-19.965968670906427,0.0009826721351622139,19.963348670906427,0.0022643419629606006,-19.96510751249168,0.0009826720627103,-0.0008611584147467,3.7734990179136106e-07
16.73266,-0.00247,0.00203,-19.887293768411283,0.0009874500087244014,19.884823768411284,0.0022574227605235623,-19.886454987846964,0.0009874499412283,-0.0008387805643192,3.65100051066028e-07
16.80371,-0.00125,0.00203,-19.813151902740643,0.0009918581510747868,19.811901902740644,0.002259354463525698,-19.81233523079457,0.0009918580880789,-0.000816671946074,3.535052524348356e-07
16.87476,-0.00165,0.00202,-19.735514428813932,0.0009979472907688594,19.73386442881393,0.00225306431225407,-19.7347193614649,0.000997947232723,-0.0007950673490296,3.4037246176127574e-07
16.94581,-0.00147,0.00201,-19.661607814344855,0.0010098371112755768,19.660137814344854,0.0022494156999784192,-19.66083243858574,0.0010098370578418,-0.0007753757591156,3.285099985895936e-07
17.01686,0.00107,0.00202,-19.591050799033518,0.0010250336401490087,19.592120799033516,0.002265191816036145,-19.590294858748933,0.0010250335907378,-0.0007559402845859,3.182707961786709e-07
17.08791,0.00021,0.00201,-19.519632963950134,0.0010390249303270202,19.519842963950133,0.002262669398264154,-19.51889633163422,0.0010390248847174,-0.0007366323159123,3.0786208460030654e-07
17.15897,0.00071,0.002,-19.449947461962353,0.0010577201019063335,19.450657461962354,0.002262470290186535,-19.449229755925096,0.0010577200601126,-0.0007177060372573,2.9734179324161856e-07
17.23002,0.00178,0.00201,-19.380411272406604,0.001074653688920084,19.382191272406605,0.0022792499975012714,-19.37971197788594,0.0010746536504739,-0.0006992945206641,2.87458980040483e-07
17.30107,0.00035,0.00199,-19.311636384446487,0.0010878757224375174,19.311986384446488,0.002267944793743655,-19.31095448690291,0.0010878756870078,-0.000681897543577,2.776441207297121e-07
17.37212,0.00227,0.00201,-19.241451799812054,0.0010984312649011594,19.243721799812054,0.002290556972378631,-19.240787185462214,0.0010984312317528,-0.0006646143498399,2.6985623496754525e-07
17.44317,0.00244,0.002,-19.167338303964854,0.0011073160570312845,19.169778303964854,0.0022860771750226,-19.16669001542968,0.0011073160260071,-0.0006482885351735,2.6212049584500644e-07
17.51422,0.00281,0.00201,-19.092428958871103,0.0011191036284922166,19.095238958871104,0.0023005418777549877,-19.09179704316292,0.0011191035997657,-0.0006319157081823,2.535663565580433e-07
17.58528,0.00209,0.00197,-19.01390947287099,0.001135757128908941,19.015999472870988,0.002273949044254836,-19.01329279685765,0.0011357571024108,-0.0006166760133382,2.453383476521515e-07
17.65633,0.00546,0.00196,-18.93423189673184,0.001163628213960531,18.93969189673184,0.002279392598988813,-18.93363041911775,0.0011636281895015,-0.0006014776140885,2.385842340840325e-07
17.72738,0.0039,0.00194,-18.849050669416762,0.00118872075353493,18.852950669416764,0.0022752268084489185,-18.848463602746115,0.0011887207308868,-0.0005870666706478,2.320444015039406e-07
17.79843,0.00471,0.00192,-18.765494027211474,0.0012270665769338323,18.770204027211474,0.00227861633107202,-18.764921602615733,0.0012270665561684,-0.0005724245957409,2.257457319109643e-07
17.86948,0.0042,0.00192,-18.68099678346635,0.0012667706174669014,18.685196783466353,0.0023002408128883975,-18.680439392020403,0.0012667705986549,-0.0005573914459474,2.183139501711689e-07
17.94053,0.0051,0.00191,-18.59038486326151,0.0013143003570507924,18.595484863261508,0.0023185093117224784,-18.589840878407237,0.0013143003398497,-0.0005439848542729,2.126377271155912e-07
18.01158,0.00796,0.00188,-18.49472327271994,0.0013704963781130993,18.502683272719942,0.002326512480607212,-18.494192670835005,0.0013704963623883,-0.0005306018849368,2.076091533953579e-07
18.08264,0.00496,0.00187,-18.399121315854654,0.0014191075862458587,18.404081315854654,0.002347502149379324,-18.39860373345894,0.0014191075720542,-0.0005175823957117,2.006962397722333e-07
18.15369,0.00577,0.00185,-18.298848310918444,0.001482949698848128,18.304618310918443,0.0023709997489063037,-18.29834349536066,0.0014829496859393,-0.0005048155577869,1.956688139775142e-07
18.22474,0.00794,0.00183,-18.197664399114306,0.001550964932829556,18.205604399114307,0.0023988314286058094,-18.197172250033915,0.0015509649211552,-0.0004921490803908,1.902972220606991e-07
18.29579,0.00902,0.00185,-18.101264426444175,0.0016353001506820178,18.110284426444174,0.002469150984209072,-18.10078460367247,0.0016353001401963,-0.0004798227717043,1.851879885030272e-07
18.36684,0.00941,0.00183,-17.998875308290028,0.0017212929147964599,18.008285308290027,0.002512319505661749,-17.99840698085254,0.0017212929054114,-0.0004683274374889,1.7974669250512436e-07
18.43789,0.01094,0.00182,-17.892637786185734,0.0018093689177143399,17.903577786185735,0.0025663623829051815,-17.892180693850012,0.0018093689091872,-0.0004570923357225,1.7566298444331785e-07
18.50895,0.01007,0.00182,-17.77627897615499,0.0019010353167184424,17.78634897615499,0.0026317931672931267,-17.775833313604426,0.0019010353090558,-0.0004456625505641,1.706865764235607e-07
18.58,0.01227,0.00182,-17.63471794737489,0.002020360423794114,17.646987947374893,0.002719238173098034,-17.634283294031324,0.0020203604169017,-0.0004346533435688,1.668841542499225e-07
18.65105,0.01058,0.00181,-17.45518950385924,0.002142007868601366,17.465769503859242,0.0028043355200742595,-17.454765839695455,0.0021420078624011,-0.0004236641637881,1.6297864188683644e-07
18.7221,0.01169,0.00179,-17.248692647924113,0.0022798809601376376,17.260382647924114,0.0028986129773390093,-17.248279775531746,0.0022798809545114,-0.0004128723923666,1.601696132375283e-07
18.79315,0.01123,0.00177,-17.012757841591455,0.002402195077683004,17.023987841591456,0.00298386346725926,-17.01235580696157,0.0024021950725273,-0.0004020346298848,1.5738492173941318e-07
18.8642,0.01093,0.00178,-16.754793522146713,0.0025172508135590486,16.76572352214671,0.003083010161897572,-16.7544018886127,0.0025172508088203,-0.0003916335340108,1.5445787696465977e-07
18.93526,0.00993,0.00174,-16.4890147756392,0.002591217337124459,16.4989447756392,0.0031212188786136695,-16.488633801361782,0.0025912173327113,-0.0003809742774166,1.5123130268008378e-07
19.00631,0.00993,0.00177,-16.224118723695447,0.0026573095345628064,16.234048723695448,0.003192834784713797,-16.22374778148523,0.0026573095304281,-0.0003709422102184,1.4823760889529118e-07
19.07736,0.01041,0.00174,-15.928642522763862,0.0027197111234607226,15.939052522763863,0.0032286883706973,-15.928281176321963,0.002719711119587,-0.0003613464418987,1.451578855136032e-07
19.14841,0.01055,0.00176,-15.60705727835248,0.0028037552638683766,15.61760727835248,0.0033103842042381776,-15.606705192281652,0.002803755260266,-0.0003520860708284,1.421279894795272e-07
19.21946,0.01241,0.00173,-15.271377825882688,0.002923803895956932,15.283787825882687,0.003397282623217111,-15.271034689852176,0.0029238038926685,-0.0003431360305122,1.3867033233750734e-07
19.29051,0.0102,0.00171,-14.919122651733327,0.003050482954178425,14.929322651733326,0.0034970768155322424,-14.918788392025707,0.0030504829511728,-0.0003342597076196,1.354149650068766e-07
19.36157,0.01069,0.00174,-14.547819660055659,0.0031920481625248827,14.558509660055659,0.003635487790087938,-14.547493869160183,0.0031920481597899,-0.000325790895475,1.3213777821829958e-07
19.43262,0.01141,0.00171,-14.152197472956331,0.0033288665360810014,14.16360747295633,0.0037423859254544986,-14.151880317167787,0.0033288665335786,-0.0003171557885444,1.2907486650706018e-07
19.50367,0.01117,0.00173,-13.75843264561638,0.003462628537031497,13.76960264561638,0.0038707488145661023,-13.75812424183048,0.0034626285347136,-0.000308403785901,1.2669662838281245e-07
19.57472,0.01035,0.00172,-13.487893424022024,0.003570789730484179,13.498243424022025,0.003963450428519483,-13.487594571056931,0.0035707897282796,-0.0002988529650938,1.2547581787351464e-07
19.64577,0.01095,0.0017,-13.221870118303439,0.0037074154804098507,13.232820118303438,0.0040785940646726054,-13.221580818226034,0.0037074154783097,-0.0002893000774053,1.2478887409732616e-07
19.71682,0.01274,0.00169,-12.935266485928219,0.0038696215930491733,12.94800648592822,0.004222566905733102,-12.93498654902648,0.0038696215910644,-0.0002799369017397,1.2393807002247366e-07
19.78788,0.01229,0.0017,-12.616371260774455,0.004018948091275196,12.628661260774455,0.004363707570445635,-12.61610017201728,0.0040189480893899,-0.0002710887571751,1.231008392428428e-07
19.85893,0.01353,0.00171,-12.279629807711984,0.004145331485479551,12.293159807711984,0.004484180318018902,-12.279367540026676,0.0041453314836839,-0.0002622676853076,1.2201286512049084e-07
19.92998,0.01331,0.00168,-11.930453926242402,0.0042412429665703915,11.943763926242402,0.004561857286400224,-11.93020045770773,0.0042412429648416,-0.0002534685346705,1.210968621433135e-07
20.00103,0.0134,0.00169,-11.750489010023896,0.004420876191641572,11.763889010023897,0.004732889846787404,-11.750243783885873,0.0044208761900207,-0.0002452261380242,1.197135850513562e-07
20.07208,0.0132,0.00167,-11.738850896308485,0.0046309873062295856,11.752050896308484,0.004922899900511847,-11.738614000793484,0.0046309873047238,-0.0002368955149997,1.180955275561578e-07
20.14313,0.014,0.00169,-11.710249947430427,0.004761500502196714,11.724249947430426,0.005052522838386736,-11.710021007200496,0.0047615005007758,-0.0002289402299308,1.163243913405587e-07
20.21418,0.01572,0.00168,-11.642018901575362,0.004829993938427792,11.657738901575362,0.005113828452856941,-11.641797901867296,0.0048299939370658,-0.000220999708067,1.1470322548509836e-07
20.28524,0.0147,0.0017,-11.56792396918174,0.004844518296577314,11.58262396918174,0.0051341364927193316,-11.567710729227327,0.004844518295276,-0.0002132399544121,1.1228747663604017e-07
20.35629,0.01335,0.00166,-11.471679232980291,0.004788312255486697,11.485029232980292,0.0050678924866303255,-11.471473216080936,0.0047883122542208,-0.0002060168993543,1.101045999005931e-07
20.42734,0.01481,0.00169,-11.33841608678569,0.004787938066305025,11.353226086785691,0.005077445314995791,-11.338216894807411,0.0047879380650891,-0.0001991919782789,1.079052573535027e-07
20.49839,0.0152,0.00167,-11.18619362360406,0.004838450162901782,11.20139362360406,0.005118544712990625,-11.1860010743764,0.0048384501617566,-0.0001925492276606,1.0527021285426661e-07
20.56944,0.01649,0.0017,-11.023356609077222,0.00492249589213355,11.039846609077221,0.005207779354779893,-11.023170753286678,0.0049224958910729,-0.0001858557905449,1.0218656730370229e-07
20.64049,0.01687,0.00168,-10.861893198632558,0.005006584575218078,10.878763198632559,0.005280936385605452,-10.861713586109438,0.005006584574238,-0.0001796125231197,9.906402896632077e-08
20.71155,0.01663,0.00169,-10.673727600298456,0.005077547671505101,10.690357600298455,0.005351410127845451,-10.673553679271883,0.0050775476705972,-0.000173921026572,9.601987464181984e-08
20.7826,0.01674,0.00168,-10.511577248500151,0.005135650032944292,10.528317248500151,0.005403452716632274,-10.511408979484496,0.0051356500321044,-0.0001682690156551,9.288045130728585e-08
20.85365,0.0168,0.00168,-10.339664825087281,0.00517407957046486,10.356464825087281,0.0054399907538066495,-10.339502672122196,0.0051740795696708,-0.0001621529650853,9.064800591135717e-08
20.9247,0.01651,0.00168,-10.178929921086137,0.005193909977622752,10.195439921086138,0.005458855269710782,-10.178773980822216,0.0051939099768509,-0.0001559402639219,8.954253365632314e-08
20.99575,0.01636,0.00167,-8.468296900146491,0.005671786695375134,8.484656900146492,0.005912534508807064,-8.468164241232385,0.0056717866945172,-0.0001326589141064,9.865111114800976e-08
21.0668,0.01598,0.00167,-6.397080983285475,0.00517452123949971,6.413060983285475,0.005437331152140139,-6.396973718359421,0.0051745212385233,-0.0001072649260544,1.0052315442030125e-07
21.13786,0.01615,0.00167,-6.2251532478691685,0.005124482795858768,6.241303247869168,0.005389733196091667,-6.225051383391388,0.005124482794907,-0.0001018644777812,9.876557615541029e-08
21.20891,0.01672,0.00168,-6.086558146166447,0.005082322875303963,6.103278146166447,0.005352794205724516,-6.086461566249453,0.0050823228743778,-9.65799169944855e-05,9.70263507424591e-08
21.27996,0.01743,0.00166,-5.922208505627908,0.005013781388394165,5.939638505627908,0.005281439558549139,-5.922116989239946,0.0050137813874916,-9.151638796204791e-05,9.513429294670364e-08
